timestamp;x;y;z;|V|;dx;dy;dz;d|V|
0;0,266;5,386;5,543;00;0;0;0
1;0,266;5,386;5,543;3;0;0;0;3
2;0,266;5,386;5,543;1;0;0;0;-2
3;0,515;5,717;5,783;5;0,249;0,331;0,24;4
4;0,515;5,717;5,783;5;0;0;0;0
5;0,793;5,837;6,975;5;0,278;0,12;1,192;0
6;0,793;5,837;6,975;4;0;0;0;-1
7;0,793;5,837;6,975;1;0;0;0;-3
8;0,554;6,464;7,688;5;-0,239;0,627000000000001;0,713;4
9;0,554;6,464;7,688;5;0;0;0;0
10;-3,238;7,292;9,197;5;-3,792;0,827999999999999;1,509;0
11;-3,238;7,292;9,197;4;0;0;0;-1
12;-3,238;7,292;9,197;1;0;0;0;-3
13;-4,396;8,599;6,841;5;-1,158;1,307;-2,356;4
14;-4,396;8,599;6,841;5;0;0;0;0
15;-2,256;7,762;6,032;5;2,14;-0,837000000000001;-0,809;0
16;-2,256;7,762;6,032;4;0;0;0;-1
17;-2,256;7,762;6,032;1;0;0;0;-3
18;0,113;6,253;5,922;5;2,369;-1,509;-0,11;4
19;0,113;6,253;5,922;5;0;0;0;0
20;0,817;6,373;6,362;5;0,704;0,12;0,44;0
21;0,817;6,373;6,362;4;0;0;0;-1
22;0,817;6,373;6,362;1;0;0;0;-3
23;1,215;7,173;7,114;5;0,398;0,8;0,752;4
24;1,215;7,173;7,114;5;0;0;0;0
25;1,234;7,378;7,085;5;0,0189999999999999;0,205;-0,0289999999999999;0
26;1,234;7,378;7,085;4;0;0;0;-1
27;1,234;7,378;7,085;2;0;0;0;-2
28;1,143;7,273;7,08;4;-0,091;-0,105;-0,00499999999999989;2
29;1,143;7,273;7,08;5;0;0;0;1
30;0,98;7,048;6,597;5;-0,163;-0,225;-0,483;0
31;0,98;7,048;6,597;4;0;0;0;-1
32;0,98;7,048;6,597;1;0;0;0;-3
33;1,569;6,856;6,238;5;0,589;-0,192;-0,359;4
34;2,139;6,995;6,52;5;0,57;0,139;0,281999999999999;0
35;2,139;6,995;6,52;5;0;0;0;0
36;2,139;6,995;6,52;4;0;0;0;-1
37;1,646;6,9;6,745;2;-0,493;-0,0949999999999998;0,225000000000001;-2
38;1,646;6,9;6,745;4;0;0;0;2
39;0,913;6,809;6,989;5;-0,733;-0,0910000000000002;0,244;1
40;0,913;6,809;6,989;5;0;0;0;0
41;0,913;6,809;6,989;4;0;0;0;-1
42;0,554;7,048;7,411;2;-0,359;0,239;0,422;-2
43;0,554;7,048;7,411;5;0;0;0;3
44;0,875;7,196;7,013;5;0,321;0,148;-0,398;0
45;0,875;7,196;7,013;5;0;0;0;0
46;0,875;7,196;7,013;3;0;0;0;-2
47;1,492;7,374;7,056;2;0,617;0,178;0,0430000000000001;-1
48;1,492;7,374;7,056;5;0;0;0;3
49;1,837;7,173;6,659;5;0,345;-0,201;-0,397;0
50;1,837;7,173;6,659;5;0;0;0;0
51;1,837;7,173;6,659;3;0;0;0;-2
52;1,21;6,751;6,42;2;-0,627;-0,422;-0,239;-1
53;1,21;6,751;6,42;5;0;0;0;3
54;0,721;6,095;8,057;5;-0,489;-0,656000000000001;1,637;0
55;0,721;6,095;8,057;5;0;0;0;0
56;0,721;6,095;8,057;3;0;0;0;-2
57;1,21;6,291;9,733;2;0,489;0,196000000000001;1,676;-1
58;1,21;6,291;9,733;5;0;0;0;3
59;1,732;6,263;7,674;5;0,522;-0,0280000000000005;-2,059;0
60;1,732;6,263;7,674;5;0;0;0;0
61;1,732;6,263;7,674;3;0;0;0;-2
62;1,392;6,105;8,196;2;-0,34;-0,157999999999999;0,521999999999999;-1
63;1,392;6,105;8,196;5;0;0;0;3
64;1,061;6,143;8,56;5;-0,331;0,0379999999999994;0,364000000000001;0
65;1,061;6,143;8,56;5;0;0;0;0
66;1,061;6,143;8,56;3;0;0;0;-2
67;1,703;6,493;7,947;2;0,642;0,350000000000001;-0,613;-1
68;2,172;6,56;7,918;5;0,469;0,0669999999999993;-0,0289999999999999;3
69;2,172;6,56;7,918;5;0;0;0;0
70;1,387;6,282;8,68;5;-0,785;-0,278;0,762;0
71;1,387;6,282;8,68;4;0;0;0;-1
72;0,64;6,205;8,464;6;-0,747;-0,077;-0,215999999999999;2
73;0,64;6,205;8,464;5;0;0;0;-1
74;-1,6;6,148;8,344;5;-2,24;-0,0570000000000004;-0,120000000000001;0
75;-1,6;6,148;8,344;3;0;0;0;-2
76;-1,6;6,148;8,344;2;0;0;0;-1
77;-1,001;6,651;8,359;5;0,599;0,503;0,0150000000000006;3
78;-1,001;6,651;8,359;5;0;0;0;0
79;-0,374;5,482;9,082;5;0,627;-1,169;0,723000000000001;0
80;-0,374;5,482;9,082;3;0;0;0;-2
81;-0,374;5,482;9,082;2;0;0;0;-1
82;-0,666;5,166;7,88;5;-0,292;-0,316;-1,202;3
83;-0,666;5,166;7,88;5;0;0;0;0
84;-0,987;5,348;8,076;5;-0,321;0,181999999999999;0,196000000000001;0
85;-0,987;5,348;8,076;4;0;0;0;-1
86;-0,987;5,348;8,076;1;0;0;0;-3
87;-0,647;5,477;8,325;5;0,34;0,129;0,248999999999999;4
88;-0,647;5,477;8,325;5;0;0;0;0
89;-0,954;5,501;9,039;5;-0,307;0,024;0,714;0
90;-0,954;5,501;9,039;3;0;0;0;-2
91;-0,954;5,501;9,039;2;0;0;0;-1
92;-1,131;6,071;10,183;5;-0,177;0,569999999999999;1,144;3
93;-1,131;6,071;10,183;5;0;0;0;0
94;-0,187;6,311;8,713;5;0,944;0,24;-1,47;0
95;-0,187;6,311;8,713;3;0;0;0;-2
96;-0,187;6,311;8,713;2;0;0;0;-1
97;2,009;6,363;5,495;5;2,196;0,0520000000000005;-3,218;3
98;2,009;6,363;5,495;5;0;0;0;0
99;2,397;7,661;6,333;5;0,388;1,298;0,838;0
100;2,397;7,661;6,333;4;0;0;0;-1
101;1,569;8,408;7,372;1;-0,828;0,747;1,039;-3
102;1,569;8,408;7,372;5;0;0;0;4
103;1,1;8,054;7,468;5;-0,469;-0,353999999999999;0,0960000000000001;0
104;1,1;8,054;7,468;5;0;0;0;0
105;1,1;8,054;7,468;3;0;0;0;-2
106;0,956;7,053;8,79;2;-0,144;-1,001;1,322;-1
107;0,956;7,053;8,79;5;0;0;0;3
108;3,154;6,047;5,27;5;2,198;-1,006;-3,52;0
109;3,154;6,047;5,27;5;0;0;0;0
110;3,154;6,047;5,27;3;0;0;0;-2
111;0,63;5,908;7,813;2;-2,524;-0,138999999999999;2,543;-1
112;0,63;5,908;7,813;5;0;0;0;3
113;-0,058;6,052;9,695;5;-0,688;0,143999999999999;1,882;0
114;-0,058;6,052;9,695;5;0;0;0;0
115;-0,058;6,052;9,695;4;0;0;0;-1
116;0,721;6,349;9,724;1;0,779;0,297000000000001;0,0289999999999999;-3
117;0,721;6,349;9,724;5;0;0;0;4
118;1,2;6,742;10,954;5;0,479;0,393;1,23;0
119;1,2;6,742;10,954;5;0;0;0;0
120;1,2;6,742;10,954;3;0;0;0;-2
121;0,745;6,224;9,498;2;-0,455;-0,518;-1,456;-1
122;0,745;6,224;9,498;5;0;0;0;3
123;1,669;5,884;6,07;5;0,924;-0,34;-3,428;0
124;1,669;5,884;6,07;5;0;0;0;0
125;1,669;5,884;6,07;4;0;0;0;-1
126;1,329;5,746;6,525;1;-0,34;-0,138;0,455;-3
127;1,329;5,746;6,525;5;0;0;0;4
128;0,525;5,98;7,665;5;-0,804;0,234;1,14;0
129;0,525;5,98;7,665;5;0;0;0;0
130;0,525;5,98;7,665;3;0;0;0;-2
131;0,606;5,995;7,143;2;0,081;0,0149999999999997;-0,522;-1
132;0,606;5,995;7,143;5;0;0;0;3
133;1,167;6,129;7,641;5;0,561;0,133999999999999;0,498;0
134;1,416;6,172;8,967;5;0,249;0,0430000000000001;1,326;0
135;1,416;6,172;8,967;3;0;0;0;-2
136;1,416;6,172;8,967;2;0;0;0;-1
137;1,143;5,817;7,463;5;-0,273;-0,355;-1,504;3
138;1,143;5,817;7,463;5;0;0;0;0
139;0,966;6,186;7,717;5;-0,177;0,369;0,254;0
140;0,966;6,186;7,717;3;0;0;0;-2
141;0,966;6,186;7,717;2;0;0;0;-1
142;0,994;6,545;7,76;5;0,028;0,359;0,0430000000000001;3
143;0,994;6,545;7,76;5;0;0;0;0
144;0,707;6,315;7,09;5;-0,287;-0,23;-0,67;0
145;0,707;6,315;7,09;4;0;0;0;-1
146;0,707;6,315;7,09;1;0;0;0;-3
147;1,219;6,248;7,162;5;0,512;-0,0670000000000002;0,0720000000000001;4
148;1,219;6,248;7,162;5;0;0;0;0
149;0,894;6,205;8,244;5;-0,325;-0,0430000000000001;1,082;0
150;0,894;6,205;8,244;3;0;0;0;-2
151;0,894;6,205;8,244;2;0;0;0;-1
152;0,879;6,392;9,321;5;-0,015;0,187;1,077;3
153;0,879;6,392;9,321;5;0;0;0;0
154;0,611;6,445;8,014;5;-0,268;0,0529999999999999;-1,307;0
155;0,611;6,445;8,014;3;0;0;0;-2
156;0,611;6,445;8,014;2;0;0;0;-1
157;0,707;6,402;6,779;5;0,096;-0,0430000000000001;-1,235;3
158;0,707;6,402;6,779;5;0;0;0;0
159;-0,058;6,21;6,965;5;-0,765;-0,192;0,186;0
160;-0,058;6,21;6,965;4;0;0;0;-1
161;-0,058;6,21;6,965;1;0;0;0;-3
162;-0,044;5,932;6,965;5;0,014;-0,278;0;4
163;-0,044;5,932;6,965;5;0;0;0;0
164;-0,733;5,765;7,823;5;-0,689;-0,167000000000001;0,858000000000001;0
165;-0,733;5,765;7,823;3;0;0;0;-2
166;-0,451;5,851;8,33;2;0,282;0,0860000000000003;0,507;-1
167;-0,451;5,851;8,33;5;0;0;0;3
168;-0,173;5,659;7,827;5;0,278;-0,192;-0,503;0
169;-0,173;5,659;7,827;5;0;0;0;0
170;-0,173;5,659;7,827;4;0;0;0;-1
171;0,128;5,875;8,34;1;0,301;0,216;0,513;-3
172;0,128;5,875;8,34;5;0;0;0;4
173;0,175;5,817;8,522;5;0,047;-0,0579999999999998;0,182;0
174;0,175;5,817;8,522;5;0;0;0;0
175;0,175;5,817;8,522;4;0;0;0;-1
176;-0,005;5,578;8,665;1;-0,18;-0,239;0,142999999999999;-3
177;-0,005;5,578;8,665;5;0;0;0;4
178;-0,077;5,568;8,661;5;-0,072;-0,0100000000000007;-0,00399999999999956;0
179;-0,077;5,568;8,661;5;0;0;0;0
180;-0,077;5,568;8,661;3;0;0;0;-2
181;0,161;5,774;8,479;2;0,238;0,206;-0,182;-1
182;0,161;5,774;8,479;5;0;0;0;3
183;0,391;5,995;8,263;5;0,23;0,221;-0,215999999999999;0
184;0,391;5,995;8,263;5;0;0;0;0
185;0,391;5,995;8,263;3;0;0;0;-2
186;0,357;6,038;8,009;2;-0,034;0,0430000000000001;-0,254;-1
187;0,357;6,038;8,009;5;0;0;0;3
188;0,539;6,21;7,885;5;0,182;0,172;-0,124000000000001;0
189;0,539;6,21;7,885;5;0;0;0;0
190;0,539;6,21;7,885;4;0;0;0;-1
191;0,726;6,378;8,005;1;0,187;0,168;0,120000000000001;-3
192;0,726;6,378;8,005;5;0;0;0;4
193;0,348;6,181;8,263;5;-0,378;-0,197;0,257999999999999;0
194;0,348;6,181;8,263;5;0;0;0;0
195;0,348;6,181;8,263;3;0;0;0;-2
196;0,128;6,038;7,971;2;-0,22;-0,143;-0,292;-1
197;0,128;6,038;7,971;5;0;0;0;3
198;-0,317;6,406;8,412;5;-0,445;0,367999999999999;0,441000000000001;0
199;0,094;6,258;6,87;5;0,411;-0,148;-1,542;0
200;0,094;6,258;6,87;4;0;0;0;-1
201;0,094;6,258;6,87;1;0;0;0;-3
202;-0,125;6,569;7,607;5;-0,219;0,311;0,737;4
203;-0,125;6,569;7,607;5;0;0;0;0
204;-0,058;6,32;7,597;5;0,067;-0,249;-0,00999999999999979;0
205;-0,058;6,32;7,597;4;0;0;0;-1
206;-0,187;6,306;8,024;6;-0,129;-0,0140000000000002;0,426999999999999;2
207;-0,187;6,306;8,024;5;0;0;0;-1
208;-0,341;6,287;8,052;5;-0,154;-0,0190000000000001;0,0280000000000005;0
209;-0,341;6,287;8,052;4;0;0;0;-1
210;-0,341;6,287;8,052;1;0;0;0;-3
211;-0,441;6,277;7,823;5;-0,1;-0,00999999999999979;-0,228999999999999;4
212;-0,441;6,277;7,823;5;0;0;0;0
213;-0,484;6,378;7,588;5;-0,043;0,101;-0,235;0
214;-0,484;6,378;7,588;4;0;0;0;-1
215;-0,484;6,378;7,588;1;0;0;0;-3
216;-0,494;6,445;7,339;5;-0,01;0,0670000000000002;-0,249;4
217;-0,494;6,445;7,339;5;0;0;0;0
218;-0,451;6,531;7,219;5;0,043;0,0859999999999994;-0,12;0
219;-0,451;6,531;7,219;4;0;0;0;-1
220;-0,451;6,531;7,219;1;0;0;0;-3
221;-0,331;6,646;7,009;5;0,12;0,115;-0,21;4
222;-0,331;6,646;7,009;5;0;0;0;0
223;-0,168;6,9;6,86;5;0,163;0,254;-0,149;0
224;-0,168;6,9;6,86;4;0;0;0;-1
225;-0,168;6,9;6,86;1;0;0;0;-3
226;-0,254;6,914;6,97;5;-0,086;0,0139999999999993;0,109999999999999;4
227;-0,254;6,914;6,97;5;0;0;0;0
228;-0,369;6,856;7,028;5;-0,115;-0,0579999999999998;0,0579999999999998;0
229;-0,369;6,856;7,028;4;0;0;0;-1
230;-0,369;6,856;7,028;1;0;0;0;-3
231;-0,235;6,866;7,09;5;0,134;0,00999999999999979;0,0620000000000003;4
232;-0,211;6,861;7,133;5;0,024;-0,00499999999999989;0,0430000000000001;0
233;-0,211;6,861;7,133;5;0;0;0;0
234;-0,211;6,861;7,133;4;0;0;0;-1
235;-0,034;6,933;6,994;1;0,177;0,0720000000000001;-0,139;-3
236;-0,034;6,933;6,994;5;0;0;0;4
237;-0,073;6,981;6,865;5;-0,039;0,048;-0,129;0
238;-0,073;6,981;6,865;5;0;0;0;0
239;-0,073;6,981;6,865;4;0;0;0;-1
240;-0,307;6,876;7,181;1;-0,234;-0,105;0,316;-3
241;-0,307;6,876;7,181;5;0;0;0;4
242;-0,24;6,641;6,18;5;0,067;-0,235;-1,001;0
243;-0,24;6,641;6,18;5;0;0;0;0
244;-0,24;6,641;6,18;4;0;0;0;-1
245;-0,614;6,631;7,1;1;-0,374;-0,00999999999999979;0,92;-3
246;-0,614;6,631;7,1;5;0;0;0;4
247;-0,661;6,296;6,625;5;-0,047;-0,335;-0,475;0
248;-0,661;6,296;6,625;5;0;0;0;0
249;-0,661;6,296;6,625;5;0;0;0;0
250;-0,594;6,593;6,918;1;0,0670000000000001;0,297;0,293;-4
251;-0,594;6,593;6,918;4;0;0;0;3
252;-0,427;6,598;6,554;5;0,167;0,00499999999999989;-0,364;1
253;-0,427;6,598;6,554;5;0;0;0;0
254;-0,427;6,598;6,554;4;0;0;0;-1
255;-0,46;6,684;6,443;1;-0,033;0,0860000000000003;-0,111000000000001;-3
256;-0,46;6,684;6,443;5;0;0;0;4
257;-0,523;6,588;6,338;5;-0,063;-0,0960000000000001;-0,105;0
258;-0,523;6,588;6,338;5;0;0;0;0
259;-0,523;6,588;6,338;4;0;0;0;-1
260;-0,523;6,54;6,424;2;0;-0,048;0,0860000000000003;-2
261;-0,523;6,54;6,424;4;0;0;0;2
262;-0,432;6,545;6,496;5;0,091;0,00499999999999989;0,0720000000000001;1
263;-0,432;6,545;6,496;5;0;0;0;0
264;-0,432;6,545;6,496;4;0;0;0;-1
265;-0,345;6,574;6,697;1;0,087;0,0289999999999999;0,201;-3
266;-0,293;6,598;6,515;5;0,052;0,024;-0,182;4
267;-0,293;6,598;6,515;5;0;0;0;0
268;-0,221;6,708;6,329;5;0,072;0,11;-0,186;0
269;-0,221;6,708;6,329;4;0;0;0;-1
270;-0,221;6,708;6,329;1;0;0;0;-3
271;-0,202;6,789;6,166;5;0,019;0,0809999999999995;-0,162999999999999;4
272;-0,202;6,789;6,166;5;0;0;0;0
273;-0,226;6,77;6,094;5;-0,024;-0,0190000000000001;-0,0720000000000001;0
274;-0,226;6,77;6,094;4;0;0;0;-1
275;-0,226;6,77;6,094;1;0;0;0;-3
276;-0,288;6,813;6,013;5;-0,062;0,0430000000000001;-0,0810000000000004;4
277;-0,288;6,813;6,013;5;0;0;0;0
278;-0,393;6,809;5,946;5;-0,105;-0,00399999999999956;-0,0670000000000002;0
279;-0,393;6,809;5,946;4;0;0;0;-1
280;-0,393;6,809;5,946;1;0;0;0;-3
281;-0,585;6,727;6,027;5;-0,192;-0,0819999999999999;0,0810000000000004;4
282;-0,585;6,727;6,027;5;0;0;0;0
283;-0,475;6,785;6,041;5;0,11;0,0579999999999998;0,0140000000000002;0
284;-0,475;6,785;6,041;4;0;0;0;-1
285;-0,475;6,785;6,041;1;0;0;0;-3
286;-0,288;6,89;6,056;5;0,187;0,105;0,0149999999999997;4
287;-0,288;6,89;6,056;5;0;0;0;0
288;-0,087;6,976;6,027;5;0,201;0,0860000000000003;-0,0289999999999999;0
289;-0,087;6,976;6,027;4;0;0;0;-1
290;-0,087;6,976;6,027;1;0;0;0;-3
291;-0,001;6,947;6,003;5;0,086;-0,0289999999999999;-0,024;4
292;-0,001;6,947;6,003;5;0;0;0;0
293;-0,01;6,991;6,108;5;-0,009;0,0439999999999996;0,105;0
294;-0,01;6,991;6,108;5;0;0;0;0
295;-0,01;6,991;6,108;1;0;0;0;-4
296;0,128;7,067;5,989;4;0,138;0,0760000000000005;-0,119;3
297;0,128;7,067;5,989;5;0;0;0;1
298;0,204;7,173;6,041;5;0,076;0,106;0,0520000000000005;0
299;0,204;7,173;6,041;4;0;0;0;-1
300;0,152;7,134;6,19;1;-0,052;-0,0389999999999997;0,149;-3
301;0,152;7,134;6,19;5;0;0;0;4
302;0,152;7,134;6,285;6;0;0;0,0949999999999998;1
303;0,152;7,134;6,285;5;0;0;0;-1
304;0,152;7,134;6,285;3;0;0;0;-2
305;0,065;7,149;6,209;2;-0,087;0,0149999999999997;-0,0760000000000005;-1
306;0,065;7,149;6,209;5;0;0;0;3
307;0,084;7,182;6,257;5;0,019;0,0330000000000004;0,048;0
308;0,084;7,182;6,257;5;0;0;0;0
309;0,084;7,182;6,257;3;0;0;0;-2
310;0,094;7,23;6,276;2;0,01;0,048;0,0190000000000001;-1
311;0,094;7,23;6,276;5;0;0;0;3
312;0,099;7,278;6,171;5;0,005;0,0479999999999992;-0,105;0
313;0,099;7,278;6,171;5;0;0;0;0
314;0,099;7,278;6,171;3;0;0;0;-2
315;0,041;7,35;6,142;2;-0,058;0,0720000000000001;-0,0289999999999999;-1
316;0,041;7,35;6,142;5;0;0;0;3
317;0,022;7,383;6,104;5;-0,019;0,0330000000000004;-0,0380000000000003;0
318;0,022;7,383;6,104;5;0;0;0;0
319;0,022;7,383;6,104;3;0;0;0;-2
320;-0,015;7,393;6,051;2;-0,037;0,00999999999999979;-0,0529999999999999;-1
321;-0,015;7,393;6,051;5;0;0;0;3
322;-0,001;7,35;6,204;5;0,014;-0,0430000000000001;0,153;0
323;-0,001;7,35;6,204;5;0;0;0;0
324;-0,001;7,35;6,204;4;0;0;0;-1
325;-0,068;7,297;6,439;1;-0,067;-0,0529999999999999;0,235;-3
326;-0,068;7,297;6,439;5;0;0;0;4
327;0,003;7,326;6,463;5;0,071;0,0289999999999999;0,024;0
328;0,003;7,326;6,463;5;0;0;0;0
329;0,003;7,326;6,463;3;0;0;0;-2
330;0,013;7,436;6,463;2;0,01;0,11;0;-1
331;0,013;7,436;6,463;5;0;0;0;3
332;0,041;7,431;6,42;5;0,028;-0,00499999999999989;-0,0430000000000001;0
333;-0,049;7,422;6,448;5;-0,09;-0,00900000000000034;0,0280000000000005;0
334;-0,049;7,422;6,448;3;0;0;0;-2
335;-0,049;7,422;6,448;2;0;0;0;-1
336;-0,106;7,321;6,573;5;-0,057;-0,101;0,125;3
337;-0,106;7,321;6,573;5;0;0;0;0
338;-0,178;7,287;6,568;5;-0,072;-0,0339999999999998;-0,00500000000000078;0
339;-0,178;7,287;6,568;4;0;0;0;-1
340;-0,245;7,302;6,52;6;-0,067;0,0149999999999997;-0,048;2
341;-0,245;7,302;6,52;5;0;0;0;-1
342;-0,216;7,316;6,376;5;0,029;0,0140000000000002;-0,143999999999999;0
343;-0,216;7,316;6,376;3;0;0;0;-2
344;-0,216;7,316;6,376;2;0;0;0;-1
345;-0,164;7,402;6,496;5;0,052;0,0860000000000003;0,12;3
346;-0,164;7,402;6,496;5;0;0;0;0
347;-0,101;7,469;6,554;5;0,063;0,0670000000000002;0,0579999999999998;0
348;-0,101;7,469;6,554;4;0;0;0;-1
349;-0,101;7,469;6,554;1;0;0;0;-3
350;-0,029;7,469;6,4;5;0,072;0;-0,154;4
351;-0,029;7,469;6,4;5;0;0;0;0
352;-0,096;7,503;6,357;5;-0,067;0,0339999999999998;-0,0430000000000001;0
353;-0,096;7,503;6,357;4;0;0;0;-1
354;-0,096;7,503;6,357;1;0;0;0;-3
355;-0,159;7,441;6,386;5;-0,063;-0,0620000000000003;0,0289999999999999;4
356;-0,159;7,441;6,386;5;0;0;0;0
357;-0,221;7,354;6,467;5;-0,062;-0,0869999999999997;0,0809999999999995;0
358;-0,221;7,354;6,467;3;0;0;0;-2
359;-0,221;7,354;6,467;2;0;0;0;-1
360;-0,25;7,297;6,52;5;-0,029;-0,0570000000000004;0,0529999999999999;3
361;-0,25;7,297;6,52;5;0;0;0;0
362;-0,187;7,297;6,549;5;0,063;0;0,0290000000000008;0
363;-0,187;7,297;6,549;3;0;0;0;-2
364;-0,187;7,297;6,549;2;0;0;0;-1
365;-0,029;7,417;6,487;5;0,158;0,12;-0,0620000000000003;3
366;-0,053;7,422;6,635;5;-0,024;0,00499999999999989;0,148;0
367;-0,053;7,422;6,635;5;0;0;0;0
368;-0,053;7,422;6,635;4;0;0;0;-1
369;-0,01;7,455;6,573;1;0,043;0,0330000000000004;-0,0619999999999994;-3
370;-0,01;7,455;6,573;5;0;0;0;4
371;-0,01;7,465;6,424;5;0;0,00999999999999979;-0,149;0
372;-0,01;7,465;6,424;5;0;0;0;0
373;-0,01;7,465;6,424;3;0;0;0;-2
374;0,046;7,46;6,477;2;0,056;-0,00499999999999989;0,0529999999999999;-1
375;0,046;7,46;6,477;5;0;0;0;3
376;0,065;7,508;6,602;5;0,019;0,048;0,125;0
377;0,065;7,508;6,602;5;0;0;0;0
378;0,065;7,508;6,602;3;0;0;0;-2
379;0,056;7,426;6,549;2;-0,009;-0,0819999999999999;-0,0529999999999999;-1
380;0,056;7,426;6,549;5;0;0;0;3
381;0,037;7,383;6,683;5;-0,019;-0,0430000000000001;0,133999999999999;0
382;0,037;7,383;6,683;5;0;0;0;0
383;0,037;7,383;6,683;4;0;0;0;-1
384;0,089;7,383;6,649;1;0,052;0;-0,0339999999999998;-3
385;0,089;7,383;6,649;5;0;0;0;4
386;0,051;7,445;6,654;5;-0,038;0,0620000000000003;0,00499999999999989;0
387;0,051;7,445;6,654;5;0;0;0;0
388;0,051;7,445;6,654;3;0;0;0;-2
389;0,084;7,508;6,487;2;0,033;0,0629999999999997;-0,167;-1
390;0,084;7,508;6,487;5;0;0;0;3
391;0,003;7,479;6,348;5;-0,081;-0,0289999999999999;-0,139;0
392;0,003;7,479;6,348;5;0;0;0;0
393;0,003;7,479;6,348;4;0;0;0;-1
394;-0,077;7,484;6,233;1;-0,08;0,00499999999999989;-0,115;-3
395;-0,077;7,484;6,233;5;0;0;0;4
396;-0,044;7,445;6,185;5;0,033;-0,0389999999999997;-0,048;0
397;-0,044;7,445;6,185;5;0;0;0;0
398;-0,044;7,445;6,185;4;0;0;0;-1
399;-0,049;7,532;6,247;1;-0,005;0,0869999999999997;0,0620000000000003;-3
400;0,065;7,565;6,18;5;0,114;0,0330000000000004;-0,0670000000000002;4
401;0,065;7,565;6,18;5;0;0;0;0
402;0,128;7,541;6,4;5;0,063;-0,024;0,220000000000001;0
403;0,128;7,541;6,4;3;0;0;0;-2
404;0,128;7,541;6,4;2;0;0;0;-1
405;0,132;7,465;6,477;5;0,004;-0,0760000000000005;0,077;3
406;0,132;7,465;6,477;5;0;0;0;0
407;0,113;7,417;6,463;5;-0,019;-0,048;-0,0140000000000002;0
408;0,113;7,417;6,463;3;0;0;0;-2
409;0,113;7,417;6,463;2;0;0;0;-1
410;0,123;7,513;6,305;5;0,01;0,0960000000000001;-0,158;3
411;0,123;7,513;6,305;5;0;0;0;0
412;0,037;7,498;6,204;5;-0,086;-0,0149999999999997;-0,101;0
413;0,037;7,498;6,204;4;0;0;0;-1
414;0,037;7,498;6,204;1;0;0;0;-3
415;-0,077;7,489;6,262;5;-0,114;-0,00900000000000034;0,0579999999999998;4
416;-0,077;7,489;6,262;5;0;0;0;0
417;-0,082;7,445;6,266;5;-0,005;-0,0439999999999996;0,00400000000000045;0
418;-0,082;7,445;6,266;3;0;0;0;-2
419;-0,082;7,445;6,266;2;0;0;0;-1
420;-0,034;7,431;6,42;5;0,048;-0,0140000000000002;0,154;3
421;-0,034;7,431;6,42;5;0;0;0;0
422;-0,096;7,383;6,41;5;-0,062;-0,048;-0,00999999999999979;0
423;-0,096;7,383;6,41;3;0;0;0;-2
424;-0,096;7,383;6,41;2;0;0;0;-1
425;-0,135;7,34;6,496;5;-0,039;-0,0430000000000001;0,0860000000000003;3
426;-0,135;7,34;6,496;5;0;0;0;0
427;-0,254;7,316;6,496;5;-0,119;-0,024;0;0
428;-0,254;7,316;6,496;4;0;0;0;-1
429;-0,254;7,316;6,496;2;0;0;0;-2
430;-0,264;7,34;6,285;4;-0,01;0,024;-0,211;2
431;-0,264;7,34;6,285;5;0;0;0;1
432;-0,202;7,402;6,204;5;0,062;0,0620000000000003;-0,0810000000000004;0
433;-0,202;7,402;6,204;3;0;0;0;-2
434;-0,12;7,517;6,108;2;0,082;0,115;-0,0960000000000001;-1
435;-0,12;7,517;6,108;5;0;0;0;3
436;-0,049;7,551;6,19;5;0,071;0,0339999999999998;0,0820000000000007;0
437;-0,049;7,551;6,19;5;0;0;0;0
438;-0,049;7,551;6,19;4;0;0;0;-1
439;-0,025;7,603;6,19;1;0,024;0,0519999999999996;0;-3
440;-0,025;7,603;6,19;5;0;0;0;4
441;-0,092;7,527;6,266;5;-0,067;-0,0759999999999996;0,0759999999999996;0
442;-0,092;7,527;6,266;5;0;0;0;0
443;-0,092;7,527;6,266;4;0;0;0;-1
444;-0,111;7,522;6,4;1;-0,019;-0,00499999999999989;0,134;-3
445;-0,111;7,522;6,4;5;0;0;0;4
446;-0,015;7,627;6,467;5;0,096;0,105;0,0669999999999993;0
447;-0,015;7,627;6,467;5;0;0;0;0
448;-0,015;7,627;6,467;3;0;0;0;-2
449;0,037;7,666;6,348;2;0,052;0,0390000000000006;-0,119;-1
450;0,037;7,666;6,348;5;0;0;0;3
451;0,094;7,714;6,448;5;0,057;0,048;0,100000000000001;0
452;0,094;7,714;6,448;5;0;0;0;0
453;0,094;7,714;6,448;3;0;0;0;-2
454;0,051;7,752;6,4;2;-0,043;0,0379999999999994;-0,048;-1
455;0,051;7,752;6,4;5;0;0;0;3
456;-0,015;7,747;6,391;5;-0,066;-0,00499999999999989;-0,00900000000000034;0
457;-0,015;7,747;6,391;5;0;0;0;0
458;-0,015;7,747;6,391;4;0;0;0;-1
459;-0,116;7,651;6,348;1;-0,101;-0,0960000000000001;-0,0430000000000001;-3
460;-0,116;7,651;6,348;5;0;0;0;4
461;-0,073;7,68;6,525;5;0,043;0,0289999999999999;0,177;0
462;-0,073;7,68;6,525;5;0;0;0;0
463;-0,073;7,68;6,525;4;0;0;0;-1
464;-0,044;7,694;6,424;1;0,029;0,0140000000000002;-0,101;-3
465;-0,044;7,694;6,424;5;0;0;0;4
466;0,113;7,896;6,3;5;0,157;0,202;-0,124000000000001;0
467;0,377;8,006;6,285;5;0,264;0,11;-0,0149999999999997;0
468;0,377;8,006;6,285;4;0;0;0;-1
469;0,377;8,006;6,285;1;0;0;0;-3
470;0,554;8,03;6,463;5;0,177;0,0239999999999991;0,178;4
471;0,554;8,03;6,463;5;0;0;0;0
472;0,511;7,991;6,348;5;-0,043;-0,0389999999999997;-0,115;0
473;0,511;7,991;6,348;4;0;0;0;-1
474;0,511;7,991;6,348;1;0;0;0;-3
475;0,42;7,948;6,276;5;-0,091;-0,0429999999999993;-0,0720000000000001;4
476;0,42;7,948;6,276;5;0;0;0;0
477;0,338;7,963;6,262;5;-0,082;0,0149999999999997;-0,0140000000000002;0
478;0,338;7,963;6,262;4;0;0;0;-1
479;0,338;7,963;6,262;1;0;0;0;-3
480;0,271;7,666;6,218;5;-0,067;-0,297;-0,0439999999999996;4
481;0,271;7,666;6,218;5;0;0;0;0
482;0,219;7,795;6,223;5;-0,052;0,129;0,00499999999999989;0
483;0,219;7,795;6,223;4;0;0;0;-1
484;0,219;7,795;6,223;1;0;0;0;-3
485;0,329;7,781;6,065;5;0,11;-0,0140000000000002;-0,157999999999999;4
486;0,329;7,781;6,065;5;0;0;0;0
487;0,343;7,824;5,974;5;0,014;0,0430000000000001;-0,0910000000000002;0
488;0,343;7,824;5,974;4;0;0;0;-1
489;0,343;7,824;5,974;1;0;0;0;-3
490;0,314;7,733;5,979;5;-0,029;-0,0910000000000002;0,00499999999999989;4
491;0,314;7,733;5,979;5;0;0;0;0
492;0,19;7,661;6,242;5;-0,124;-0,0720000000000001;0,263;0
493;0,19;7,661;6,242;4;0;0;0;-1
494;0,19;7,661;6,242;1;0;0;0;-3
495;0,305;7,493;5,85;5;0,115;-0,167999999999999;-0,392;4
496;0,305;7,493;5,85;5;0;0;0;0
497;0,142;7,637;6,285;5;-0,163;0,143999999999999;0,435000000000001;0
498;0,142;7,637;6,285;4;0;0;0;-1
499;0,142;7,637;6,285;1;0;0;0;-3
500;0,247;7,57;5,979;5;0,105;-0,0669999999999993;-0,306;4
501;0,3;7,675;5,869;5;0,053;0,105;-0,11;0
502;0,3;7,675;5,869;5;0;0;0;0
503;0,3;7,675;5,869;4;0;0;0;-1
504;0,132;7,603;5,764;1;-0,168;-0,0720000000000001;-0,105;-3
505;0,132;7,603;5,764;5;0;0;0;4
506;0,065;7,489;5,797;5;-0,067;-0,114;0,0329999999999995;0
507;0,065;7,489;5,797;5;0;0;0;0
508;0,065;7,489;5,797;4;0;0;0;-1
509;-0,029;7,436;5,673;1;-0,094;-0,0529999999999999;-0,124;-3
510;-0,029;7,436;5,673;5;0;0;0;4
511;-0,005;7,441;5,701;5;0,024;0,00499999999999989;0,0279999999999996;0
512;-0,005;7,441;5,701;5;0;0;0;0
513;-0,005;7,441;5,701;4;0;0;0;-1
514;0,084;7,489;5,749;1;0,089;0,048;0,048;-3
515;0,084;7,489;5,749;5;0;0;0;4
516;0,171;7,536;5,811;5;0,087;0,0469999999999997;0,0620000000000003;0
517;0,171;7,536;5,811;5;0;0;0;0
518;0,171;7,536;5,811;5;0;0;0;0
519;0,209;7,565;5,883;1;0,038;0,0290000000000008;0,0720000000000001;-4
520;0,209;7,565;5,883;4;0;0;0;3
521;0,084;7,498;5,835;5;-0,125;-0,0670000000000002;-0,048;1
522;0,084;7,498;5,835;5;0;0;0;0
523;0,084;7,498;5,835;4;0;0;0;-1
524;0,046;7,493;5,821;1;-0,038;-0,00499999999999989;-0,0140000000000002;-3
525;0,046;7,493;5,821;5;0;0;0;4
526;-0,025;7,484;5,768;5;-0,071;-0,00900000000000034;-0,0529999999999999;0
527;-0,025;7,484;5,768;5;0;0;0;0
528;-0,025;7,484;5,768;4;0;0;0;-1
529;-0,015;7,58;5,692;2;0,01;0,0960000000000001;-0,0759999999999996;-2
530;-0,015;7,58;5,692;4;0;0;0;2
531;-0,192;7,738;5,821;5;-0,177;0,158;0,129;1
532;-0,192;7,738;5,821;5;0;0;0;0
533;-0,192;7,738;5,821;4;0;0;0;-1
534;0,132;7,661;5,591;2;0,324;-0,0770000000000008;-0,23;-2
535;-0,101;7,656;5,73;4;-0,233;-0,00499999999999989;0,139;2
536;-0,101;7,656;5,73;5;0;0;0;1
537;-0,135;7,565;5,792;5;-0,034;-0,0909999999999993;0,0619999999999994;0
538;-0,135;7,565;5,792;4;0;0;0;-1
539;-0,135;7,565;5,792;1;0;0;0;-3
540;-0,24;7,642;5,783;5;-0,105;0,077;-0,00899999999999945;4
541;-0,24;7,642;5,783;5;0;0;0;0
542;-0,207;7,575;5,859;5;0,033;-0,0670000000000002;0,0759999999999996;0
543;-0,207;7,575;5,859;4;0;0;0;-1
544;-0,207;7,575;5,859;1;0;0;0;-3
545;-0,044;7,757;5,883;5;0,163;0,181999999999999;0,024;4
546;-0,044;7,757;5,883;5;0;0;0;0
547;0,017;7,819;5,778;5;0,061;0,0620000000000003;-0,105;0
548;0,017;7,819;5,778;4;0;0;0;-1
549;0,017;7,819;5,778;1;0;0;0;-3
550;0,084;7,867;5,855;5;0,067;0,048;0,0770000000000008;4
551;0,084;7,867;5,855;5;0;0;0;0
552;0,233;8,015;5,802;5;0,149;0,148000000000001;-0,0530000000000008;0
553;0,233;8,015;5,802;4;0;0;0;-1
554;0,233;8,015;5,802;1;0;0;0;-3
555;0,195;7,915;5,764;5;-0,038;-0,100000000000001;-0,0379999999999994;4
556;0,195;7,915;5,764;5;0;0;0;0
557;0,817;8,087;6,587;5;0,622;0,172;0,823;0
558;0,817;8,087;6,587;4;0;0;0;-1
559;0,817;8,087;6,587;1;0;0;0;-3
560;-0,073;7,407;4,978;5;-0,89;-0,68;-1,609;4
561;-0,073;7,407;4,978;5;0;0;0;0
562;0,314;7,876;6,42;5;0,387;0,469;1,442;0
563;0,314;7,876;6,42;5;0;0;0;0
564;-0,077;7,958;5,917;5;-0,391;0,0819999999999999;-0,503;0
565;0,147;7,752;5,955;6;0,224;-0,206;0,0380000000000003;1
566;0,147;7,752;5,955;5;0;0;0;-1
567;0,147;7,752;5,955;3;0;0;0;-2
568;0,152;7,872;6,338;2;0,005;0,12;0,383;-1
569;0,152;7,872;6,338;5;0;0;0;3
570;0,132;7,819;6,314;5;-0,02;-0,0529999999999999;-0,024;0
571;0,132;7,819;6,314;5;0;0;0;0
572;0,132;7,819;6,314;3;0;0;0;-2
573;0,195;7,632;6,458;2;0,063;-0,187;0,144;-1
574;0,195;7,632;6,458;5;0;0;0;3
575;0,31;7,647;6,424;5;0,115;0,0150000000000006;-0,0339999999999998;0
576;0,31;7,647;6,424;5;0;0;0;0
577;0,31;7,647;6,424;3;0;0;0;-2
578;0,233;8,025;6,558;2;-0,077;0,378;0,133999999999999;-1
579;0,233;8,025;6,558;5;0;0;0;3
580;-0,125;7,943;6,123;5;-0,358;-0,0820000000000007;-0,435;0
581;-0,125;7,943;6,123;5;0;0;0;0
582;-0,125;7,943;6,123;3;0;0;0;-2
583;0,156;7,891;5,831;2;0,281;-0,0519999999999996;-0,292;-1
584;0,156;7,891;5,831;5;0;0;0;3
585;0,156;8,13;5,883;5;0;0,239000000000001;0,0519999999999996;0
586;0,156;8,13;5,883;5;0;0;0;0
587;0,156;8,13;5,883;3;0;0;0;-2
588;0,247;8,044;5,931;2;0,091;-0,0860000000000003;0,048;-1
589;0,247;8,044;5,931;5;0;0;0;3
590;0,262;7,996;6,175;5;0,015;-0,048;0,244;0
591;0,262;7,996;6,175;5;0;0;0;0
592;0,262;7,996;6,175;4;0;0;0;-1
593;0,286;7,886;6,443;1;0,024;-0,11;0,268;-3
594;0,286;7,886;6,443;5;0;0;0;4
595;0,616;7,704;6,496;5;0,33;-0,182;0,0530000000000008;0
596;0,616;7,704;6,496;5;0;0;0;0
597;0,616;7,704;6,496;3;0;0;0;-2
598;0,156;8,039;6,482;2;-0,46;0,335;-0,0140000000000002;-1
599;0,353;7,795;6,171;5;0,197;-0,244;-0,311;3
600;0,353;7,795;6,171;5;0;0;0;0
601;0,314;7,939;6,238;5;-0,039;0,144;0,0670000000000002;0
602;0,314;7,939;6,238;3;0;0;0;-2
603;0,314;7,939;6,238;2;0;0;0;-1
604;0,367;7,963;6,137;5;0,053;0,024;-0,101000000000001;3
605;0,367;7,963;6,137;5;0;0;0;0
606;0,333;7,977;6,094;5;-0,034;0,0140000000000002;-0,0429999999999993;0
607;0,333;7,977;6,094;4;0;0;0;-1
608;0,333;7,977;6,094;1;0;0;0;-3
609;0,362;7,958;6,036;5;0,029;-0,0190000000000001;-0,0580000000000007;4
610;0,362;7,958;6,036;5;0;0;0;0
611;0,324;7,982;5,917;5;-0,038;0,024;-0,119;0
612;0,324;7,982;5,917;3;0;0;0;-2
613;0,324;7,982;5,917;2;0;0;0;-1
614;0,31;7,943;5,845;5;-0,014;-0,0390000000000006;-0,0720000000000001;3
615;0,31;7,943;5,845;5;0;0;0;0
616;0,266;7,963;5,902;5;-0,044;0,0200000000000005;0,0570000000000004;0
617;0,266;7,963;5,902;4;0;0;0;-1
618;0,266;7,963;5,902;1;0;0;0;-3
619;0,31;7,852;5,931;5;0,044;-0,111;0,0289999999999999;4
620;0,31;7,852;5,931;5;0;0;0;0
621;0,228;7,814;6,041;5;-0,082;-0,0380000000000003;0,11;0
622;0,228;7,814;6,041;4;0;0;0;-1
623;0,228;7,814;6,041;1;0;0;0;-3
624;0,233;7,833;6,027;5;0,005;0,0190000000000001;-0,0140000000000002;4
625;0,233;7,833;6,027;5;0;0;0;0
626;0,199;7,733;5,931;5;-0,034;-0,100000000000001;-0,0960000000000001;0
627;0,199;7,733;5,931;3;0;0;0;-2
628;0,199;7,733;5,931;2;0;0;0;-1
629;0,128;7,805;5,792;5;-0,071;0,0720000000000001;-0,139;3
630;0,128;7,805;5,792;5;0;0;0;0
631;0,08;7,785;5,625;5;-0,048;-0,0199999999999996;-0,167;0
632;0,08;7,785;5,625;3;0;0;0;-2
633;0,137;7,843;5,606;2;0,057;0,0579999999999998;-0,0190000000000001;-1
634;0,137;7,843;5,606;5;0;0;0;3
635;0,142;7,838;5,529;5;0,00499999999999998;-0,00499999999999989;-0,077;0
636;0,142;7,838;5,529;5;0;0;0;0
637;0,142;7,838;5,529;4;0;0;0;-1
638;0,156;7,867;5,606;1;0,014;0,0289999999999999;0,077;-3
639;0,156;7,867;5,606;5;0;0;0;4
640;0,137;7,852;5,419;5;-0,019;-0,0149999999999997;-0,187;0
641;0,137;7,852;5,419;5;0;0;0;0
642;0,137;7,852;5,419;3;0;0;0;-2
643;0,118;7,872;5,572;2;-0,019;0,0199999999999996;0,153;-1
644;0,118;7,872;5,572;5;0;0;0;3
645;0,084;7,738;5,701;5;-0,034;-0,133999999999999;0,129;0
646;0,084;7,738;5,701;5;0;0;0;0
647;0,084;7,738;5,701;3;0;0;0;-2
648;0,08;7,694;5,74;2;-0,004;-0,0440000000000005;0,0390000000000006;-1
649;0,08;7,694;5,74;5;0;0;0;3
650;0,017;7,685;5,878;5;-0,063;-0,00900000000000034;0,138;0
651;0,017;7,685;5,878;5;0;0;0;0
652;0,017;7,685;5,878;4;0;0;0;-1
653;0,032;7,623;5,869;1;0,015;-0,0619999999999994;-0,00900000000000034;-3
654;0,032;7,623;5,869;5;0;0;0;4
655;-0,034;7,627;5,898;5;-0,066;0,00399999999999956;0,0289999999999999;0
656;-0,034;7,627;5,898;5;0;0;0;0
657;-0,034;7,627;5,898;3;0;0;0;-2
658;0,032;7,666;5,74;2;0,066;0,0390000000000006;-0,157999999999999;-1
659;0,032;7,666;5,74;5;0;0;0;3
660;0,022;7,738;5,582;5;-0,01;0,0720000000000001;-0,158;0
661;0,022;7,738;5,582;5;0;0;0;0
662;0,022;7,738;5,582;4;0;0;0;-1
663;0,003;7,819;5,38;1;-0,019;0,0809999999999995;-0,202;-3
664;0,003;7,819;5,38;5;0;0;0;4
665;-0,073;7,843;5,213;5;-0,076;0,024;-0,167;0
666;-0,058;7,824;5,084;5;0,015;-0,0190000000000001;-0,129;0
667;-0,058;7,824;5,084;4;0;0;0;-1
668;-0,058;7,824;5,084;1;0;0;0;-3
669;0,065;7,852;5,199;5;0,123;0,0280000000000005;0,115;4
670;0,065;7,852;5,199;5;0;0;0;0
671;0,104;7,876;5,294;5;0,039;0,024;0,0949999999999998;0
672;0,104;7,876;5,294;3;0;0;0;-2
673;0,104;7,876;5,294;2;0;0;0;-1
674;0,185;7,829;5,438;5;0,081;-0,0470000000000006;0,144;3
675;0,185;7,829;5,438;5;0;0;0;0
676;0,195;7,795;5,419;5;0,01;-0,0339999999999998;-0,0190000000000001;0
677;0,195;7,795;5,419;3;0;0;0;-2
678;0,195;7,795;5,419;2;0;0;0;-1
679;0,223;7,848;5,505;5;0,028;0,0529999999999999;0,0860000000000003;3
680;0,223;7,848;5,505;5;0;0;0;0
681;0,228;7,79;5,428;5;0,005;-0,0579999999999998;-0,077;0
682;0,228;7,79;5,428;4;0;0;0;-1
683;0,228;7,79;5,428;1;0;0;0;-3
684;0,18;7,79;5,448;5;-0,048;0;0,0200000000000005;4
685;0,18;7,79;5,448;5;0;0;0;0
686;0,113;7,814;5,448;5;-0,067;0,024;0;0
687;0,113;7,814;5,448;3;0;0;0;-2
688;0,113;7,814;5,448;2;0;0;0;-1
689;0,243;7,876;5,515;5;0,13;0,0620000000000003;0,0669999999999993;3
690;0,243;7,876;5,515;5;0;0;0;0
691;0,238;7,833;5,524;5;-0,005;-0,0430000000000001;0,00900000000000034;0
692;0,238;7,833;5,524;3;0;0;0;-2
693;0,238;7,833;5,524;2;0;0;0;-1
694;0,276;7,886;5,519;5;0,038;0,0529999999999999;-0,00499999999999989;3
695;0,276;7,886;5,519;5;0;0;0;0
696;0,324;7,838;5,481;5;0,048;-0,048;-0,0380000000000003;0
697;0,324;7,838;5,481;4;0;0;0;-1
698;0,324;7,838;5,481;1;0;0;0;-3
699;0,3;7,771;5,543;5;-0,024;-0,0670000000000002;0,0620000000000003;4
700;0,29;7,675;5,658;5;-0,01;-0,0960000000000001;0,115;0
701;0,29;7,675;5,658;5;0;0;0;0
702;0,29;7,675;5,658;3;0;0;0;-2
703;0,333;7,651;5,73;2;0,043;-0,024;0,0720000000000001;-1
704;0,333;7,651;5,73;5;0;0;0;3
705;0,324;7,642;5,634;5;-0,00900000000000001;-0,00899999999999945;-0,0960000000000001;0
706;0,324;7,642;5,634;5;0;0;0;0
707;0,324;7,642;5,634;4;0;0;0;-1
708;0,348;7,685;5,5;1;0,024;0,0429999999999993;-0,134;-3
709;0,348;7,685;5,5;5;0;0;0;4
710;0,429;7,69;5,438;5;0,081;0,00500000000000078;-0,0620000000000003;0
711;0,429;7,69;5,438;5;0;0;0;0
712;0,429;7,69;5,438;4;0;0;0;-1
713;0,477;7,637;5,227;1;0,048;-0,0530000000000008;-0,210999999999999;-3
714;0,477;7,637;5,227;5;0;0;0;4
715;0,477;7,575;5,04;5;0;-0,0619999999999994;-0,187;0
716;0,477;7,575;5,04;5;0;0;0;0
717;0,477;7,575;5,04;3;0;0;0;-2
718;0,458;7,436;4,973;2;-0,019;-0,139;-0,0670000000000002;-1
719;0,458;7,436;4,973;5;0;0;0;3
720;0,52;7,292;4,892;5;0,062;-0,144;-0,0809999999999995;0
721;0,52;7,292;4,892;5;0;0;0;0
722;0,52;7,292;4,892;3;0;0;0;-2
723;0,587;7,005;4,849;2;0,0669999999999999;-0,287;-0,0430000000000001;-1
724;0,587;7,005;4,849;5;0;0;0;3
725;1,071;6,579;4,614;5;0,484;-0,426;-0,235;0
726;1,071;6,579;4,614;5;0;0;0;0
727;1,071;6,579;4,614;4;0;0;0;-1
728;0,587;6,21;4,777;1;-0,484;-0,369;0,163;-3
729;0,587;6,21;4,777;5;0;0;0;4
730;0,975;5,612;3,891;5;0,388;-0,598;-0,886;0
731;0,975;5,612;3,891;5;0;0;0;0
732;0,975;5,612;3,891;4;0;0;0;-1
733;1,042;5,219;3,259;1;0,0670000000000001;-0,393;-0,632;-3
734;0,918;4,726;3,106;5;-0,124;-0,493;-0,153;4
735;0,918;4,726;3,106;5;0;0;0;0
736;0,875;4,108;3,178;5;-0,043;-0,618;0,0720000000000001;0
737;0,875;4,108;3,178;4;0;0;0;-1
738;0,875;4,108;3,178;1;0;0;0;-3
739;1,066;3,811;2,89;5;0,191;-0,297;-0,288;4
740;1,066;3,811;2,89;5;0;0;0;0
741;1,363;3,945;2,694;5;0,297;0,134;-0,196;0
742;1,363;3,945;2,694;4;0;0;0;-1
743;1,363;3,945;2,694;1;0;0;0;-3
744;1,253;4,204;2,56;5;-0,11;0,259;-0,134;4
745;1,253;4,204;2,56;5;0;0;0;0
746;1,923;4,711;2,555;5;0,67;0,507000000000001;-0,00499999999999989;0
747;1,923;4,711;2,555;4;0;0;0;-1
748;1,923;4,711;2,555;1;0;0;0;-3
749;2,421;5,085;1,77;5;0,498;0,374;-0,785;4
750;2,421;5,085;1,77;5;0;0;0;0
751;2,752;5,463;2,254;5;0,331;0,378;0,484;0
752;2,752;5,463;2,254;4;0;0;0;-1
753;2,752;5,463;2,254;1;0;0;0;-3
754;2,838;5,386;2,167;5;0,0860000000000003;-0,077;-0,0870000000000002;4
755;2,838;5,386;2,167;5;0;0;0;0
756;2,67;5,295;2,278;5;-0,168;-0,0910000000000002;0,111;0
757;2,67;5,295;2,278;4;0;0;0;-1
758;2,67;5,295;2,278;1;0;0;0;-3
759;2,321;5,42;2,11;5;-0,349;0,125;-0,168;4
760;2,321;5,42;2,11;5;0;0;0;0
761;1,832;5,42;2,278;5;-0,489;0;0,168;0
762;1,832;5,42;2,278;4;0;0;0;-1
763;1,832;5,42;2,278;1;0;0;0;-3
764;1,435;5,372;2,756;5;-0,397;-0,048;0,478;4
765;1,435;5,372;2,756;5;0;0;0;0
766;0,975;5,243;3,949;5;-0,46;-0,129;1,193;0
767;0,975;5,243;3,949;4;0;0;0;-1
768;0,606;4,989;5,007;1;-0,369;-0,254;1,058;-3
769;0,606;4,989;5,007;5;0;0;0;4
770;1,1;5,195;6,223;5;0,494;0,206;1,216;0
771;1,1;5,195;6,223;5;0;0;0;0
772;1,1;5,195;6,223;4;0;0;0;-1
773;0,693;5,453;7,095;1;-0,407;0,258;0,872;-3
774;0,693;5,453;7,095;5;0;0;0;4
775;0,712;5,655;7,971;5;0,019;0,202;0,876;0
776;0,712;5,655;7,971;5;0;0;0;0
777;0,712;5,655;7,971;4;0;0;0;-1
778;0,635;5,947;8,799;1;-0,077;0,292;0,827999999999999;-3
779;0,635;5,947;8,799;5;0;0;0;4
780;0,745;6,579;9,159;5;0,11;0,632;0,360000000000001;0
781;0,745;6,579;9,159;5;0;0;0;0
782;0,745;6,579;9,159;4;0;0;0;-1
783;1,578;7,594;11,026;1;0,833;1,015;1,867;-3
784;1,578;7,594;11,026;5;0;0;0;4
785;2,273;7,958;12,874;5;0,695;0,364;1,848;0
786;2,273;7,958;12,874;5;0;0;0;0
787;2,273;7,958;12,874;4;0;0;0;-1
788;3,369;8,734;15,719;1;1,096;0,776;2,845;-3
789;3,369;8,734;15,719;5;0;0;0;4
790;5,491;10,017;17,763;5;2,122;1,283;2,044;0
791;5,491;10,017;17,763;5;0;0;0;0
792;5,491;10,017;17,763;4;0;0;0;-1
793;7,636;11,219;20,641;1;2,145;1,202;2,878;-3
794;7,636;11,219;20,641;5;0;0;0;4
795;9,101;12,2;24,721;5;1,465;0,981;4,08;0
796;9,101;12,2;24,721;5;0;0;0;0
797;9,101;12,2;24,721;4;0;0;0;-1
798;10,02;13,105;27,225;1;0,918999999999999;0,905000000000001;2,504;-3
799;10,02;13,105;27,225;5;0;0;0;4
800;10,791;14,111;28,571;5;0,771000000000001;1,006;1,346;0
801;11,27;15,212;29,902;5;0,478999999999999;1,101;1,331;0
802;11,27;15,212;29,902;4;0;0;0;-1
803;11,27;15,212;29,902;2;0;0;0;-2
804;10,997;15,71;29,983;4;-0,273;0,498000000000001;0,0809999999999995;2
805;10,997;15,71;29,983;5;0;0;0;1
806;10,389;15,26;28,915;5;-0,608000000000001;-0,450000000000001;-1,068;0
807;10,389;15,26;28,915;4;0;0;0;-1
808;10,389;15,26;28,915;1;0;0;0;-3
809;9,35;14,556;27,469;5;-1,039;-0,704000000000001;-1,446;4
810;9,35;14,556;27,469;5;0;0;0;0
811;8,277;13,311;25,999;5;-1,073;-1,245;-1,47;0
812;8,277;13,311;25,999;4;0;0;0;-1
813;8,277;13,311;25,999;1;0;0;0;-3
814;6,98;11,918;24,18;5;-1,297;-1,393;-1,819;4
815;6,98;11,918;24,18;5;0;0;0;0
816;5,783;10,433;22,202;5;-1,197;-1,485;-1,978;0
817;5,783;10,433;22,202;4;0;0;0;-1
818;5,783;10,433;22,202;1;0;0;0;-3
819;4,327;8,556;20,248;5;-1,456;-1,877;-1,954;4
820;4,327;8,556;20,248;5;0;0;0;0
821;2,732;6,478;18,309;5;-1,595;-2,078;-1,939;0
822;2,732;6,478;18,309;4;0;0;0;-1
823;2,732;6,478;18,309;1;0;0;0;-3
824;1,535;4,874;16,288;5;-1,197;-1,604;-2,021;4
825;1,535;4,874;16,288;5;0;0;0;0
826;0,401;3,543;14,703;5;-1,134;-1,331;-1,585;0
827;0,401;3,543;14,703;4;0;0;0;-1
828;0,401;3,543;14,703;1;0;0;0;-3
829;-0,992;2,221;12,846;6;-1,393;-1,322;-1,857;5
830;-0,992;2,221;12,846;5;0;0;0;-1
831;-2,021;1,043;10,801;5;-1,029;-1,178;-2,045;0
832;-2,021;1,043;10,801;3;0;0;0;-2
833;-2,021;1,043;10,801;1;0;0;0;-2
834;-2,658;0,56;9,489;6;-0,637;-0,483;-1,312;5
835;-3,271;-0,114;8,268;5;-0,613;-0,674;-1,221;-1
836;-3,271;-0,114;8,268;5;0;0;0;0
837;-3,271;-0,114;8,268;3;0;0;0;-2
838;-4,262;-0,972;6,927;2;-0,991;-0,858;-1,341;-1
839;-4,262;-0,972;6,927;5;0;0;0;3
840;-5,009;-1,292;5,419;5;-0,747000000000001;-0,32;-1,508;0
841;-5,009;-1,292;5,419;5;0;0;0;0
842;-5,009;-1,292;5,419;3;0;0;0;-2
843;-5,364;-2,226;3,834;2;-0,355;-0,934;-1,585;-1
844;-5,364;-2,226;3,834;5;0;0;0;3
845;-5,483;-1,79;3,154;5;-0,119;0,436;-0,68;0
846;-5,483;-1,79;3,154;5;0;0;0;0
847;-5,483;-1,79;3,154;3;0;0;0;-2
848;-5,115;-1,647;1,938;2;0,367999999999999;0,143;-1,216;-1
849;-5,115;-1,647;1,938;5;0;0;0;3
850;-4,933;-1,991;0,08;5;0,182;-0,344;-1,858;0
851;-4,933;-1,991;0,08;5;0;0;0;0
852;-4,933;-1,991;0,08;3;0;0;0;-2
853;-5,321;-1,297;-0,523;2;-0,388;0,694;-0,603;-1
854;-5,321;-1,297;-0,523;5;0;0;0;3
855;-5,306;-1,063;-2,007;5;0,0149999999999997;0,234;-1,484;0
856;-5,306;-1,063;-2,007;5;0;0;0;0
857;-5,306;-1,063;-2,007;3;0;0;0;-2
858;-4,981;-1,058;-4,373;2;0,325;0,00499999999999989;-2,366;-1
859;-4,981;-1,058;-4,373;5;0;0;0;3
860;-5,081;-0,105;-4,875;5;-0,100000000000001;0,953;-0,502;0
861;-5,081;-0,105;-4,875;5;0;0;0;0
862;-5,081;-0,105;-4,875;3;0;0;0;-2
863;-4,511;0,258;-4,712;2;0,57;0,363;0,163;-1
864;-4,511;0,258;-4,712;5;0;0;0;3
865;-3,779;0,952;-3,697;5;0,732;0,694;1,015;0
866;-3,779;0,952;-3,697;5;0;0;0;0
867;-3,779;0,952;-3,697;3;0;0;0;-2
868;-3,104;1,498;-2,591;2;0,675;0,546;1,106;-1
869;-2,596;1,982;-1,83;5;0,508;0,484;0,761;3
870;-2,596;1,982;-1,83;5;0;0;0;0
871;-2,428;2,437;-1,083;5;0,168;0,455;0,747;0
872;-2,428;2,437;-1,083;3;0;0;0;-2
873;-2,428;2,437;-1,083;2;0;0;0;-1
874;-2,328;2,782;-0,47;5;0,1;0,345;0,613;3
875;-2,328;2,782;-0,47;5;0;0;0;0
876;-2,012;3,438;-0,46;5;0,316;0,656;0,00999999999999995;0
877;-2,012;3,438;-0,46;4;0;0;0;-1
878;-2,012;3,438;-0,46;1;0;0;0;-3
879;-1,557;4,209;-0,441;5;0,455;0,770999999999999;0,019;4
880;-1,557;4,209;-0,441;5;0;0;0;0
881;-1,164;4,831;-0,092;5;0,393;0,622000000000001;0,349;0
882;-1,164;4,831;-0,092;3;0;0;0;-2
883;-1,164;4,831;-0,092;2;0;0;0;-1
884;-1,15;5,248;0,396;5;0,014;0,417;0,488;3
885;-1,15;5,248;0,396;5;0;0;0;0
886;-1,193;5,669;0,831;5;-0,0430000000000001;0,420999999999999;0,435;0
887;-1,193;5,669;0,831;4;0;0;0;-1
888;-1,193;5,669;0,831;1;0;0;0;-3
889;-1,227;5,985;1,267;5;-0,034;0,316000000000001;0,436;4
890;-1,227;5,985;1,267;5;0;0;0;0
891;-1,183;6,354;1,904;5;0,044;0,369;0,637;0
892;-1,183;6,354;1,904;3;0;0;0;-2
893;-1,183;6,354;1,904;2;0;0;0;-1
894;-0,91;6,852;2,292;5;0,273;0,498;0,388;3
895;-0,91;6,852;2,292;5;0;0;0;0
896;-0,599;7,388;2,493;5;0,311;0,536;0,201;0
897;-0,599;7,388;2,493;3;0;0;0;-2
898;-0,599;7,388;2,493;2;0;0;0;-1
899;-0,733;7,594;2,833;5;-0,134;0,206;0,34;3
900;-0,733;7,594;2,833;5;0;0;0;0
901;-1,131;7,589;3,269;5;-0,398;-0,00499999999999989;0,436;0
902;-1,131;7,589;3,269;3;0;0;0;-2
903;-1,131;7,886;3,187;2;0;0,297;-0,0820000000000003;-1
904;-1,131;7,886;3,187;5;0;0;0;3
905;-0,934;8,317;2,934;5;0,197;0,431;-0,253;0
906;-0,934;8,317;2,934;5;0;0;0;0
907;-0,934;8,317;2,934;3;0;0;0;-2
908;-0,709;8,738;2,766;2;0,225;0,420999999999999;-0,168;-1
909;-0,709;8,738;2,766;5;0;0;0;3
910;-0,403;9,083;2,57;5;0,306;0,345000000000001;-0,196;0
911;-0,403;9,083;2,57;5;0;0;0;0
912;-0,403;9,083;2,57;3;0;0;0;-2
913;-0,13;9,394;2,742;3;0,273;0,311;0,172;0
914;-0,13;9,394;2,742;4;0;0;0;1
915;0,046;9,538;3,139;5;0,176;0,144;0,397;1
916;0,046;9,538;3,139;5;0;0;0;0
917;0,046;9,538;3,139;3;0;0;0;-2
918;-0,144;9,49;3,523;2;-0,19;-0,048;0,384;-1
919;-0,144;9,49;3,523;5;0;0;0;3
920;-0,326;9,466;3,877;5;-0,182;-0,0240000000000009;0,354;0
921;-0,326;9,466;3,877;5;0;0;0;0
922;-0,326;9,466;3,877;4;0;0;0;-1
923;-0,475;9,576;3,958;1;-0,149;0,110000000000001;0,0810000000000004;-3
924;-0,475;9,576;3,958;5;0;0;0;4
925;-0,25;9,859;3,633;5;0,225;0,282999999999999;-0,325;0
926;-0,25;9,859;3,633;5;0;0;0;0
927;-0,25;9,859;3,633;3;0;0;0;-2
928;-0,101;10,06;3,187;2;0,149;0,201000000000001;-0,446;-1
929;-0,101;10,06;3,187;5;0;0;0;3
930;-0,073;10,079;3,135;5;0,028;0,0190000000000001;-0,052;0
931;-0,168;9,926;3,326;5;-0,095;-0,153;0,191;0
932;-0,168;9,926;3,326;4;0;0;0;-1
933;-0,168;9,926;3,326;2;0;0;0;-2
934;-0,226;9,844;3,508;4;-0,058;-0,0820000000000007;0,182;2
935;-0,226;9,844;3,508;5;0;0;0;1
936;-0,274;9,801;3,58;5;-0,048;-0,0429999999999993;0,0720000000000001;0
937;-0,274;9,801;3,58;4;0;0;0;-1
938;-0,274;9,801;3,58;1;0;0;0;-3
939;-0,317;9,749;3,451;5;-0,043;-0,0519999999999996;-0,129;4
940;-0,317;9,749;3,451;5;0;0;0;0
941;-0,336;9,624;3,465;5;-0,019;-0,125;0,0139999999999998;0
942;-0,336;9,624;3,465;3;0;0;0;-2
943;-0,336;9,624;3,465;2;0;0;0;-1
944;-0,144;9,567;3,422;5;0,192;-0,0570000000000004;-0,0429999999999997;3
945;-0,144;9,567;3,422;5;0;0;0;0
946;-0,015;9,533;3,24;5;0,129;-0,0340000000000007;-0,182;0
947;-0,015;9,533;3,24;3;0;0;0;-2
948;-0,015;9,533;3,24;2;0;0;0;-1
949;-0,001;9,471;3,029;5;0,014;-0,0619999999999994;-0,211;3
950;-0,001;9,471;3,029;5;0;0;0;0
951;-0,01;9,303;3,029;5;-0,009;-0,167999999999999;0;0
952;-0,01;9,303;3,029;4;0;0;0;-1
953;-0,01;9,303;3,029;1;0;0;0;-3
954;-0,039;9,227;3,068;5;-0,029;-0,0760000000000005;0,0390000000000001;4
955;-0,039;9,227;3,068;5;0;0;0;0
956;0,046;9,251;3,063;5;0,085;0,0239999999999991;-0,00499999999999989;0
957;0,046;9,251;3,063;3;0;0;0;-2
958;0,046;9,251;3,063;2;0;0;0;-1
959;0,171;9,155;2,943;5;0,125;-0,0960000000000001;-0,12;3
960;0,171;9,155;2,943;5;0;0;0;0
961;0,353;9,222;2,742;5;0,182;0,0670000000000002;-0,201;0
962;0,353;9,222;2,742;3;0;0;0;-2
963;0,353;9,222;2,742;2;0;0;0;-1
964;0,587;9,351;2,464;5;0,234;0,129000000000001;-0,278;3
965;0,587;9,351;2,464;5;0;0;0;0
966;0,673;9,361;2,321;5;0,0860000000000001;0,00999999999999979;-0,143;0
967;0,673;9,361;2,321;4;0;0;0;-1
968;0,616;9,318;2,527;1;-0,0570000000000001;-0,043000000000001;0,206;-3
969;0,616;9,318;2,527;5;0;0;0;4
970;0,391;9,16;2,723;5;-0,225;-0,157999999999999;0,196;0
971;0,391;9,16;2,723;5;0;0;0;0
972;0,391;9,16;2,723;3;0;0;0;-2
973;0,324;9,097;2,694;2;-0,067;-0,0630000000000006;-0,0289999999999999;-1
974;0,324;9,097;2,694;5;0;0;0;3
975;0,348;9,16;2,412;5;0,024;0,0630000000000006;-0,282;0
976;0,348;9,16;2,412;5;0;0;0;0
977;0,348;9,16;2,412;4;0;0;0;-1
978;0,391;9,203;2,196;1;0,043;0,0429999999999993;-0,216;-3
979;0,391;9,203;2,196;5;0;0;0;4
980;0,338;9,107;2,249;5;-0,053;-0,0960000000000001;0,0529999999999999;0
981;0,338;9,107;2,249;5;0;0;0;0
982;0,338;9,107;2,249;4;0;0;0;-1
983;0,243;8,997;2,498;1;-0,095;-0,109999999999999;0,249;-3
984;0,243;8,997;2,498;5;0;0;0;4
985;0,405;9,107;2,555;5;0,162;0,109999999999999;0,0569999999999999;0
986;0,405;9,107;2,555;5;0;0;0;0
987;0,405;9,107;2,555;4;0;0;0;-1
988;0,544;9,255;2,685;1;0,139;0,148000000000001;0,13;-3
989;0,544;9,255;2,685;5;0;0;0;4
990;0,707;9,394;2,608;5;0,163;0,138999999999999;-0,077;0
991;0,707;9,394;2,608;5;0;0;0;0
992;0,707;9,394;2,608;3;0;0;0;-2
993;0,664;9,504;2,594;2;-0,0429999999999999;0,109999999999999;-0,0140000000000002;-1
994;0,664;9,504;2,594;5;0;0;0;3
995;0,501;9,476;2,455;5;-0,163;-0,0279999999999987;-0,139;0
996;0,501;9,476;2,455;5;0;0;0;0
997;0,501;9,476;2,455;4;0;0;0;-1
998;0,381;9,437;2,603;1;-0,12;-0,0390000000000015;0,148;-3
999;0,381;9,437;2,603;5;0;0;0;4
1000;0,396;9,428;2,685;5;0,015;-0,00899999999999856;0,0819999999999999;0
1001;0,3;9,404;2,914;5;-0,096;-0,0240000000000009;0,229;0
1002;0,3;9,404;2,914;4;0;0;0;-1
1003;0,3;9,404;2,914;1;0;0;0;-3
1004;0,252;9,404;2,814;5;-0,048;0;-0,1;4
1005;0,252;9,404;2,814;5;0;0;0;0
1006;0,238;9,418;2,809;5;-0,014;0,0139999999999993;-0,00499999999999989;0
1007;0,238;9,418;2,809;4;0;0;0;-1
1008;0,238;9,418;2,809;1;0;0;0;-3
1009;0,3;9,509;2,953;5;0,062;0,0910000000000011;0,144;4
1010;0,3;9,509;2,953;5;0;0;0;0
1011;0,377;9,639;2,981;5;0,077;0,129999999999999;0,028;0
1012;0,377;9,639;2,981;4;0;0;0;-1
1013;0,377;9,639;2,981;1;0;0;0;-3
1014;0,458;9,758;2,809;5;0,081;0,119;-0,172;4
1015;0,458;9,758;2,809;5;0;0;0;0
1016;0,544;9,897;2,579;5;0,086;0,139000000000001;-0,23;0
1017;0,544;9,897;2,579;4;0;0;0;-1
1018;0,544;9,897;2,579;1;0;0;0;-3
1019;0,563;9,897;2,713;5;0,0189999999999999;0;0,134;4
1020;0,563;9,897;2,713;5;0;0;0;0
1021;0,544;9,868;2,67;5;-0,0189999999999999;-0,0289999999999999;-0,0430000000000001;0
1022;0,544;9,868;2,67;4;0;0;0;-1
1023;0,544;9,868;2,67;1;0;0;0;-3
1024;0,597;9,935;2,689;5;0,0529999999999999;0,0670000000000002;0,0190000000000001;4
1025;0,597;9,935;2,689;5;0;0;0;0
1026;0,693;9,979;2,795;5;0,096;0,0439999999999987;0,106;0
1027;0,693;9,979;2,795;4;0;0;0;-1
1028;0,693;9,979;2,795;1;0;0;0;-3
1029;0,712;9,935;2,833;5;0,019;-0,0439999999999987;0,0380000000000003;4
1030;0,712;9,935;2,833;5;0;0;0;0
1031;0,697;9,83;2,991;5;-0,015;-0,105;0,158;0
1032;0,697;9,83;2,991;4;0;0;0;-1
1033;0,697;9,83;2,991;1;0;0;0;-3
1034;0,63;9,854;2,91;5;-0,0669999999999999;0,0239999999999991;-0,081;4
1035;0,621;9,811;2,862;5;-0,00900000000000001;-0,0429999999999993;-0,048;0
1036;0,621;9,811;2,862;5;0;0;0;0
1037;0,621;9,811;2,862;4;0;0;0;-1
1038;0,75;9,935;2,603;1;0,129;0,124000000000001;-0,259;-3
1039;0,75;9,935;2,603;5;0;0;0;4
1040;0,702;9,94;2,493;5;-0,048;0,00499999999999901;-0,11;0
1041;0,702;9,94;2,493;5;0;0;0;0
1042;0,702;9,94;2,493;4;0;0;0;-1
1043;0,784;10,026;2,412;1;0,0820000000000001;0,0860000000000003;-0,081;-3
1044;0,784;10,026;2,412;5;0;0;0;4
1045;0,927;10,079;2,397;5;0,143;0,0530000000000008;-0,0150000000000001;0
1046;0,927;10,079;2,397;5;0;0;0;0
1047;0,927;10,079;2,397;4;0;0;0;-1
1048;1,004;10,127;2,445;1;0,077;0,048;0,048;-3
1049;1,004;10,127;2,445;5;0;0;0;4
1050;1,042;10,079;2,426;5;0,038;-0,048;-0,0189999999999997;0
1051;1,042;10,079;2,426;5;0;0;0;0
1052;1,042;10,079;2,426;4;0;0;0;-1
1053;1,013;10,007;2,46;1;-0,0290000000000001;-0,072000000000001;0,0339999999999998;-3
1054;1,013;10,007;2,46;5;0;0;0;4
1055;1,066;9,926;2,503;5;0,0530000000000002;-0,0809999999999995;0,0430000000000001;0
1056;1,066;9,926;2,503;5;0;0;0;0
1057;1,066;9,926;2,503;4;0;0;0;-1
1058;1,124;9,883;2,68;2;0,0580000000000001;-0,043000000000001;0,177;-2
1059;1,124;9,883;2,68;4;0;0;0;2
1060;1,09;9,744;2,675;5;-0,034;-0,138999999999999;-0,00500000000000034;1
1061;1,09;9,744;2,675;5;0;0;0;0
1062;1,09;9,744;2,675;4;0;0;0;-1
1063;1,023;9,801;2,67;1;-0,0670000000000002;0,0570000000000004;-0,00499999999999989;-3
1064;1,023;9,801;2,67;5;0;0;0;4
1065;1,013;9,797;2,498;5;-0,01;-0,00399999999999956;-0,172;0
1066;0,975;9,806;2,483;5;-0,0379999999999999;0,00899999999999856;-0,0150000000000001;0
1067;0,975;9,806;2,483;4;0;0;0;-1
1068;0,975;9,806;2,483;1;0;0;0;-3
1069;0,793;9,677;2,349;5;-0,182;-0,129;-0,134;4
1070;0,793;9,677;2,349;5;0;0;0;0
1071;0,592;9,552;2,364;5;-0,201;-0,125;0,0149999999999997;0
1072;0,592;9,552;2,364;4;0;0;0;-1
1073;0,592;9,552;2,364;1;0;0;0;-3
1074;0,458;9,442;2,359;5;-0,134;-0,109999999999999;-0,00499999999999989;4
1075;0,458;9,442;2,359;5;0;0;0;0
1076;0,276;9,332;2,512;5;-0,182;-0,109999999999999;0,153;0
1077;0,276;9,332;2,512;4;0;0;0;-1
1078;0,276;9,332;2,512;1;0;0;0;-3
1079;0,252;9,289;2,665;5;-0,024;-0,043000000000001;0,153;4
1080;0,252;9,289;2,665;5;0;0;0;0
1081;0,281;9,294;2,776;5;0,029;0,00500000000000078;0,111;0
1082;0,281;9,294;2,776;4;0;0;0;-1
1083;0,281;9,294;2,776;1;0;0;0;-3
1084;0,333;9,246;2,737;5;0,052;-0,048;-0,0389999999999997;4
1085;0,333;9,246;2,737;5;0;0;0;0
1086;0,367;9,313;2,723;5;0,034;0,0670000000000002;-0,0140000000000002;0
1087;0,367;9,313;2,723;4;0;0;0;-1
1088;0,367;9,313;2,723;2;0;0;0;-2
1089;0,405;9,337;2,565;4;0,038;0,0239999999999991;-0,158;2
1090;0,405;9,337;2,565;5;0;0;0;1
1091;0,405;9,294;2,637;5;0;-0,0429999999999993;0,0720000000000001;0
1092;0,405;9,294;2,637;4;0;0;0;-1
1093;0,405;9,294;2,637;1;0;0;0;-3
1094;0,295;9,289;2,589;6;-0,11;-0,00500000000000078;-0,048;5
1095;0,295;9,289;2,589;5;0;0;0;-1
1096;0,252;9,303;2,555;5;-0,043;0,0140000000000011;-0,0339999999999998;0
1097;0,252;9,303;2,555;3;0;0;0;-2
1098;0,252;9,303;2,555;2;0;0;0;-1
1099;0,276;9,299;2,507;5;0,024;-0,00400000000000134;-0,048;3
1100;0,276;9,299;2,507;5;0;0;0;0
1101;0,128;9,27;2,45;5;-0,148;-0,0289999999999999;-0,0569999999999999;0
1102;0,128;9,27;2,45;4;0;0;0;-1
1103;0,065;9,222;2,522;1;-0,063;-0,048;0,0719999999999996;-3
1104;0,065;9,222;2,522;5;0;0;0;4
1105;0,08;9,184;2,642;5;0,015;-0,0380000000000003;0,12;0
1106;0,08;9,184;2,642;5;0;0;0;0
1107;0,08;9,184;2,642;3;0;0;0;-2
1108;0,199;9,198;2,852;2;0,119;0,0140000000000011;0,21;-1
1109;0,199;9,198;2,852;5;0;0;0;3
1110;0,444;9,318;2,89;5;0,245;0,119999999999999;0,0380000000000003;0
1111;0,444;9,318;2,89;5;0;0;0;0
1112;0,444;9,318;2,89;3;0;0;0;-2
1113;0,63;9,385;2,828;2;0,186;0,0670000000000002;-0,0620000000000003;-1
1114;0,63;9,385;2,828;5;0;0;0;3
1115;0,75;9,552;2,685;5;0,12;0,167;-0,143;0
1116;0,75;9,552;2,685;5;0;0;0;0
1117;0,75;9,552;2,685;3;0;0;0;-2
1118;0,784;9,667;2,46;2;0,034;0,115;-0,225;-1
1119;0,784;9,667;2,46;5;0;0;0;3
1120;0,75;9,643;2,527;5;-0,034;-0,0239999999999991;0,0670000000000002;0
1121;0,75;9,643;2,527;5;0;0;0;0
1122;0,75;9,643;2,527;3;0;0;0;-2
1123;0,697;9,572;2,421;2;-0,053;-0,0710000000000015;-0,106;-1
1124;0,697;9,572;2,421;5;0;0;0;3
1125;0,731;9,543;2,527;5;0,034;-0,0289999999999999;0,106;0
1126;0,731;9,543;2,527;5;0;0;0;0
1127;0,731;9,543;2,527;3;0;0;0;-2
1128;0,745;9,6;2,412;2;0,014;0,0570000000000004;-0,115;-1
1129;0,745;9,6;2,412;5;0;0;0;3
1130;0,693;9,528;2,349;5;-0,052;-0,0719999999999992;-0,0629999999999997;0
1131;0,693;9,528;2,349;5;0;0;0;0
1132;0,693;9,528;2,349;3;0;0;0;-2
1133;0,779;9,567;2,345;2;0,0860000000000001;0,0389999999999997;-0,004;-1
1134;0,779;9,567;2,345;5;0;0;0;3
1135;0,736;9,543;2,359;5;-0,043;-0,0240000000000009;0,0139999999999998;0
1136;0,592;9,428;2,551;5;-0,144;-0,114999999999998;0,192;0
1137;0,592;9,428;2,551;3;0;0;0;-2
1138;0,592;9,428;2,551;2;0;0;0;-1
1139;0,592;9,442;2,455;5;0;0,0139999999999993;-0,0960000000000001;3
1140;0,592;9,442;2,455;5;0;0;0;0
1141;0,515;9,461;2,412;5;-0,077;0,0190000000000001;-0,0430000000000001;0
1142;0,515;9,461;2,412;3;0;0;0;-2
1143;0,515;9,461;2,412;2;0;0;0;-1
1144;0,477;9,471;2,244;5;-0,038;0,00999999999999979;-0,168;3
1145;0,477;9,471;2,244;5;0;0;0;0
1146;0,482;9,514;2,134;5;0,005;0,0429999999999993;-0,11;0
1147;0,482;9,514;2,134;4;0;0;0;-1
1148;0,482;9,514;2,134;1;0;0;0;-3
1149;0,506;9,485;2,225;5;0,024;-0,0289999999999999;0,0910000000000002;4
1150;0,506;9,485;2,225;5;0;0;0;0
1151;0,439;9,418;2,321;5;-0,067;-0,0670000000000002;0,0960000000000001;0
1152;0,439;9,418;2,321;3;0;0;0;-2
1153;0,439;9,418;2,321;2;0;0;0;-1
1154;0,343;9,385;2,297;5;-0,096;-0,0329999999999995;-0,024;3
1155;0,343;9,385;2,297;5;0;0;0;0
1156;0,386;9,399;2,412;5;0,043;0,0139999999999993;0,115;0
1157;0,386;9,399;2,412;4;0;0;0;-1
1158;0,386;9,399;2,412;1;0;0;0;-3
1159;0,415;9,39;2,474;5;0,029;-0,00899999999999856;0,0620000000000003;4
1160;0,415;9,39;2,474;5;0;0;0;0
1161;0,343;9,38;2,335;5;-0,072;-0,00999999999999979;-0,139;0
1162;0,343;9,38;2,335;4;0;0;0;-1
1163;0,343;9,38;2,335;1;0;0;0;-3
1164;0,434;9,457;2,196;5;0,091;0,077;-0,139;4
1165;0,434;9,457;2,196;5;0;0;0;0
1166;0,52;9,457;2,249;5;0,086;0;0,0529999999999999;0
1167;0,52;9,457;2,249;3;0;0;0;-2
1168;0,52;9,457;2,249;2;0;0;0;-1
1169;0,592;9,572;2,297;5;0,072;0,114999999999998;0,048;3
1170;0,611;9,619;2,196;5;0,019;0,0470000000000006;-0,101;0
1171;0,611;9,619;2,196;5;0;0;0;0
1172;0,611;9,619;2,196;3;0;0;0;-2
1173;0,539;9,624;2,211;2;-0,072;0,00500000000000078;0,0149999999999997;-1
1174;0,539;9,624;2,211;5;0;0;0;3
1175;0,357;9,576;2,182;5;-0,182;-0,048;-0,0289999999999999;0
1176;0,357;9,576;2,182;5;0;0;0;0
1177;0,357;9,576;2,182;4;0;0;0;-1
1178;0,061;9,366;2,23;1;-0,296;-0,210000000000001;0,048;-3
1179;0,061;9,366;2,23;5;0;0;0;4
1180;-0,211;9,179;2,507;5;-0,272;-0,186999999999999;0,277;0
1181;-0,211;9,179;2,507;5;0;0;0;0
1182;-0,211;9,179;2,507;3;0;0;0;-2
1183;-0,403;9,05;2,704;2;-0,192;-0,129;0,197;-1
1184;-0,403;9,05;2,704;5;0;0;0;3
1185;-0,427;9,021;2,709;5;-0,024;-0,0289999999999999;0,00499999999999989;0
1186;-0,427;9,021;2,709;5;0;0;0;0
1187;-0,427;9,021;2,709;3;0;0;0;-2
1188;-0,312;9,131;2,608;2;0,115;0,109999999999999;-0,101;-1
1189;-0,312;9,131;2,608;5;0;0;0;3
1190;-0,101;9,294;2,517;5;0,211;0,163;-0,0910000000000002;0
1191;-0,101;9,294;2,517;5;0;0;0;0
1192;-0,101;9,294;2,517;4;0;0;0;-1
1193;-0,063;9,37;2,479;1;0,038;0,0759999999999987;-0,0379999999999998;-3
1194;-0,063;9,37;2,479;5;0;0;0;4
1195;-0,116;9,404;2,397;5;-0,053;0,0340000000000007;-0,0820000000000003;0
1196;-0,116;9,404;2,397;5;0;0;0;0
1197;-0,116;9,404;2,397;3;0;0;0;-2
1198;-0,058;9,418;2,507;2;0,058;0,0139999999999993;0,11;-1
1199;-0,058;9,418;2,507;5;0;0;0;3
1200;-0,01;9,366;2,785;5;0,048;-0,0519999999999996;0,278;0
1201;0,185;9,409;2,862;5;0,195;0,043000000000001;0,077;0
1202;0,185;9,409;2,862;4;0;0;0;-1
1203;0,185;9,409;2,862;1;0;0;0;-3
1204;0,252;9,447;2,981;5;0,067;0,0379999999999985;0,119;4
1205;0,252;9,447;2,981;5;0;0;0;0
1206;0,247;9,409;2,914;5;-0,005;-0,0379999999999985;-0,0669999999999997;0
1207;0,247;9,409;2,914;4;0;0;0;-1
1208;0,247;9,409;2,914;1;0;0;0;-3
1209;0,113;9,375;2,881;5;-0,134;-0,0340000000000007;-0,0330000000000004;4
1210;0,113;9,375;2,881;5;0;0;0;0
1211;0,037;9,351;2,785;5;-0,076;-0,0239999999999991;-0,0959999999999996;0
1212;0,037;9,351;2,785;3;0;0;0;-2
1213;0,037;9,351;2,785;2;0;0;0;-1
1214;0,075;9,39;2,771;5;0,038;0,0389999999999997;-0,0140000000000002;3
1215;0,075;9,39;2,771;5;0;0;0;0
1216;0,257;9,466;2,785;5;0,182;0,0759999999999987;0,0140000000000002;0
1217;0,257;9,466;2,785;3;0;0;0;-2
1218;0,257;9,466;2,785;2;0;0;0;-1
1219;0,333;9,528;2,694;5;0,076;0,0620000000000012;-0,0910000000000002;3
1220;0,333;9,528;2,694;5;0;0;0;0
1221;0,405;9,591;2,522;5;0,072;0,0629999999999988;-0,172;0
1222;0,405;9,591;2,522;4;0;0;0;-1
1223;0,405;9,591;2,522;1;0;0;0;-3
1224;0,396;9,615;2,507;5;-0,00900000000000001;0,0240000000000009;-0,0149999999999997;4
1225;0,396;9,615;2,507;5;0;0;0;0
1226;0,266;9,557;2,536;5;-0,13;-0,0579999999999998;0,0289999999999999;0
1227;0,266;9,557;2,536;3;0;0;0;-2
1228;0,266;9,557;2,536;2;0;0;0;-1
1229;0,18;9,49;2,632;5;-0,086;-0,0670000000000002;0,0960000000000001;3
1230;0,18;9,49;2,632;5;0;0;0;0
1231;0,175;9,399;2,852;5;-0,005;-0,0910000000000011;0,22;0
1232;0,175;9,399;2,852;3;0;0;0;-2
1233;0,175;9,399;2,852;2;0;0;0;-1
1234;0,075;9,323;2,871;5;-0,1;-0,0759999999999987;0,0190000000000001;3
1235;0,075;9,323;2,871;5;0;0;0;0
1236;-0,005;9,255;2,618;5;-0,08;-0,0679999999999996;-0,253;0
1237;-0,005;9,255;2,618;4;0;0;0;-1
1238;0,137;9,332;2,603;6;0,142;0,077;-0,0149999999999997;2
1239;0,123;9,437;2,455;5;-0,014;0,104999999999999;-0,148;-1
1240;0,123;9,437;2,455;5;0;0;0;0
1241;0,123;9,437;2,455;3;0;0;0;-2
1242;0,056;9,466;2,258;2;-0,067;0,0289999999999999;-0,197;-1
1243;0,056;9,466;2,258;5;0;0;0;3
1244;0,084;9,514;2,191;5;0,028;0,048;-0,0670000000000002;0
1245;0,084;9,514;2,191;5;0;0;0;0
1246;0,084;9,514;2,191;4;0;0;0;-1
1247;0,108;9,49;2,311;1;0,024;-0,0239999999999991;0,12;-3
1248;0,108;9,49;2,311;5;0;0;0;4
1249;0,094;9,418;2,445;5;-0,014;-0,072000000000001;0,134;0
1250;0,094;9,418;2,445;5;0;0;0;0
1251;0,094;9,418;2,445;4;0;0;0;-1
1252;0,19;9,346;2,646;1;0,096;-0,0719999999999992;0,201;-3
1253;0,19;9,346;2,646;5;0;0;0;4
1254;0,204;9,284;2,795;5;0,014;-0,0619999999999994;0,149;0
1255;0,204;9,284;2,795;5;0;0;0;0
1256;0,204;9,284;2,795;3;0;0;0;-2
1257;0,166;9,327;2,694;2;-0,038;0,0429999999999993;-0,101;-1
1258;0,166;9,327;2,694;5;0;0;0;3
1259;0,19;9,418;2,469;5;0,024;0,0909999999999993;-0,225;0
1260;0,19;9,418;2,469;5;0;0;0;0
1261;0,19;9,418;2,469;4;0;0;0;-1
1262;0,19;9,514;2,22;1;0;0,0960000000000001;-0,249;-3
1263;0,19;9,514;2,22;5;0;0;0;4
1264;0,228;9,524;2,196;5;0,038;0,00999999999999979;-0,024;0
1265;0,228;9,524;2,196;5;0;0;0;0
1266;0,228;9,524;2,196;4;0;0;0;-1
1267;0,243;9,567;2,191;1;0,015;0,043000000000001;-0,00500000000000034;-3
1268;0,243;9,567;2,191;5;0;0;0;4
1269;0,271;9,538;2,201;5;0,028;-0,0289999999999999;0,0100000000000002;0
1270;0,243;9,471;2,436;5;-0,028;-0,0670000000000002;0,235;0
1271;0,243;9,471;2,436;4;0;0;0;-1
1272;0,243;9,471;2,436;1;0;0;0;-3
1273;0,123;9,342;2,713;5;-0,12;-0,129;0,277;4
1274;0,123;9,342;2,713;5;0;0;0;0
1275;0,142;9,289;2,776;5;0,019;-0,0530000000000008;0,0629999999999997;0
1276;0,142;9,289;2,776;4;0;0;0;-1
1277;0,142;9,289;2,776;1;0;0;0;-3
1278;0,252;9,356;2,728;5;0,11;0,0670000000000002;-0,0479999999999996;4
1279;0,252;9,356;2,728;5;0;0;0;0
1280;0,424;9,495;2,709;5;0,172;0,138999999999999;-0,0190000000000001;0
1281;0,424;9,495;2,709;4;0;0;0;-1
1282;0,424;9,495;2,709;1;0;0;0;-3
1283;0,468;9,538;2,589;5;0,044;0,043000000000001;-0,12;4
1284;0,468;9,538;2,589;5;0;0;0;0
1285;0,549;9,572;2,594;5;0,081;0,0339999999999989;0,00499999999999989;0
1286;0,549;9,572;2,594;4;0;0;0;-1
1287;0,549;9,572;2,594;1;0;0;0;-3
1288;0,563;9,672;2,503;5;0,0139999999999999;0,100000000000001;-0,0909999999999997;4
1289;0,563;9,672;2,503;5;0;0;0;0
1290;0,65;9,897;1,181;5;0,0870000000000001;0,225;-1,322;0
1291;0,65;9,897;1,181;4;0;0;0;-1
1292;0,65;9,897;1,181;1;0;0;0;-3
1293;0,539;9,768;2,273;5;-0,111;-0,129;1,092;4
1294;0,539;9,768;2,273;5;0;0;0;0
1295;0,424;9,495;2,081;5;-0,115;-0,273000000000001;-0,192;0
1296;0,424;9,495;2,081;4;0;0;0;-1
1297;0,424;9,495;2,081;1;0;0;0;-3
1298;0,128;9,375;2,383;5;-0,296;-0,119999999999999;0,302;4
1299;0,128;9,375;2,383;5;0;0;0;0
1300;0,19;9,27;2,608;5;0,062;-0,105;0,225;0
1301;0,19;9,27;2,608;4;0;0;0;-1
1302;0,19;9,27;2,608;1;0;0;0;-3
1303;0,214;9,318;2,579;5;0,024;0,048;-0,0289999999999999;4
1304;0,219;9,289;2,689;5;0,005;-0,0289999999999999;0,11;0
1305;0,219;9,289;2,689;5;0;0;0;0
1306;0,219;9,289;2,689;4;0;0;0;-1
1307;0,343;9,418;2,651;1;0,124;0,129;-0,0380000000000003;-3
1308;0,343;9,418;2,651;5;0;0;0;4
1309;0,424;9,538;2,675;5;0,081;0,120000000000001;0,024;0
1310;0,424;9,538;2,675;5;0;0;0;0
1311;0,424;9,538;2,675;4;0;0;0;-1
1312;0,405;9,586;2,44;1;-0,019;0,048;-0,235;-3
1313;0,405;9,586;2,44;5;0;0;0;4
1314;0,286;9,643;2,249;5;-0,119;0,0570000000000004;-0,191;0
1315;0,286;9,643;2,249;5;0;0;0;0
1316;0,286;9,643;2,249;4;0;0;0;-1
1317;0,405;9,653;2,397;1;0,119;0,00999999999999979;0,148;-3
1318;0,405;9,653;2,397;5;0;0;0;4
1319;0,391;9,538;2,747;5;-0,014;-0,115;0,35;0
1320;0,391;9,538;2,747;5;0;0;0;0
1321;0,391;9,538;2,747;4;0;0;0;-1
1322;0,228;9,452;2,867;1;-0,163;-0,0860000000000003;0,12;-3
1323;0,228;9,452;2,867;5;0;0;0;4
1324;0,118;9,457;2,675;5;-0,11;0,00500000000000078;-0,192;0
1325;0,118;9,457;2,675;5;0;0;0;0
1326;0,118;9,457;2,675;5;0;0;0;0
1327;0,008;9,442;2,622;5;-0,11;-0,0150000000000006;-0,0529999999999999;0
1328;-0,034;9,385;2,498;5;-0,042;-0,0570000000000004;-0,124;0
1329;-0,034;9,385;2,498;5;0;0;0;0
1330;-0,034;9,385;2,498;4;0;0;0;-1
1331;-0,039;9,375;2,574;1;-0,005;-0,00999999999999979;0,0759999999999996;-3
1332;-0,039;9,375;2,574;5;0;0;0;4
1333;-0,044;9,351;2,541;5;-0,005;-0,0239999999999991;-0,0329999999999999;0
1334;-0,068;9,351;2,373;5;-0,024;0;-0,168;0
1335;-0,068;9,351;2,373;4;0;0;0;-1
1336;-0,068;9,351;2,373;1;0;0;0;-3
1337;-0,029;9,351;2,325;5;0,039;0;-0,048;4
1338;-0,029;9,351;2,325;5;0;0;0;0
1339;-0,044;9,39;2,34;5;-0,015;0,0389999999999997;0,0149999999999997;0
1340;-0,044;9,39;2,34;4;0;0;0;-1
1341;-0,044;9,39;2,34;1;0;0;0;-3
1342;0,061;9,37;2,469;5;0,105;-0,0200000000000014;0,129;4
1343;0,061;9,37;2,469;5;0;0;0;0
1344;0,185;9,452;2,488;5;0,124;0,0820000000000007;0,0190000000000001;0
1345;0,185;9,452;2,488;4;0;0;0;-1
1346;0,185;9,452;2,488;1;0;0;0;-3
1347;0,223;9,461;2,493;5;0,038;0,00900000000000034;0,00499999999999989;4
1348;0,223;9,461;2,493;5;0;0;0;0
1349;0,185;9,476;2,416;5;-0,038;0,0150000000000006;-0,077;0
1350;0,185;9,476;2,416;4;0;0;0;-1
1351;0,185;9,476;2,416;1;0;0;0;-3
1352;0,166;9,481;2,369;5;-0,019;0,00499999999999901;-0,0469999999999997;4
1353;0,166;9,481;2,369;5;0;0;0;0
1354;0,147;9,414;2,469;5;-0,019;-0,0670000000000002;0,0999999999999996;0
1355;0,147;9,414;2,469;4;0;0;0;-1
1356;0,147;9,414;2,469;2;0;0;0;-2
1357;0,099;9,299;2,584;5;-0,048;-0,115;0,115;3
1358;0,099;9,299;2,584;5;0;0;0;0
1359;0,041;9,251;2,732;5;-0,058;-0,048;0,148;0
1360;0,041;9,251;2,732;3;0;0;0;-2
1361;0,041;9,251;2,732;2;0;0;0;-1
1362;0,08;9,294;2,699;5;0,039;0,043000000000001;-0,0330000000000004;3
1363;0,08;9,294;2,699;5;0;0;0;0
1364;0,075;9,351;2,56;5;-0,005;0,0570000000000004;-0,139;0
1365;0,075;9,351;2,56;3;0;0;0;-2
1366;0,075;9,351;2,56;2;0;0;0;-1
1367;0,18;9,414;2,541;5;0,105;0,0629999999999988;-0,0190000000000001;3
1368;0,233;9,404;2,498;5;0,053;-0,00999999999999979;-0,0429999999999997;0
1369;0,233;9,404;2,498;5;0;0;0;0
1370;0,233;9,404;2,498;4;0;0;0;-1
1371;0,228;9,461;2,498;6;-0,005;0,0570000000000004;0;2
1372;0,247;9,442;2,584;5;0,019;-0,0190000000000001;0,0859999999999999;-1
1373;0,247;9,442;2,584;5;0;0;0;0
1374;0,247;9,442;2,584;3;0;0;0;-2
1375;0,262;9,447;2,57;2;0,015;0,00499999999999901;-0,0140000000000002;-1
1376;0,262;9,447;2,57;5;0;0;0;3
1377;0,209;9,385;2,57;5;-0,053;-0,0619999999999994;0;0
1378;0,209;9,385;2,57;5;0;0;0;0
1379;0,209;9,385;2,57;3;0;0;0;-2
1380;0,18;9,385;2,589;2;-0,029;0;0,0190000000000001;-1
1381;0,18;9,385;2,589;5;0;0;0;3
1382;0,247;9,447;2,618;5;0,067;0,0619999999999994;0,0289999999999999;0
1383;0,247;9,447;2,618;5;0;0;0;0
1384;0,247;9,447;2,618;4;0;0;0;-1
1385;0,252;9,428;2,483;1;0,005;-0,0189999999999984;-0,135;-3
1386;0,252;9,428;2,483;5;0;0;0;4
1387;0,161;9,437;2,436;5;-0,091;0,00899999999999856;-0,0470000000000002;0
1388;0,161;9,437;2,436;5;0;0;0;0
1389;0,161;9,437;2,436;3;0;0;0;-2
1390;0,171;9,447;2,483;2;0,01;0,00999999999999979;0,0470000000000002;-1
1391;0,171;9,447;2,483;5;0;0;0;3
1392;0,166;9,39;2,507;5;-0,005;-0,0569999999999986;0,024;0
1393;0,166;9,39;2,507;5;0;0;0;0
1394;0,166;9,39;2,507;3;0;0;0;-2
1395;0,123;9,414;2,56;2;-0,043;0,0239999999999991;0,0529999999999999;-1
1396;0,123;9,414;2,56;5;0;0;0;3
1397;0,137;9,409;2,354;5;0,014;-0,00499999999999901;-0,206;0
1398;0,137;9,409;2,354;5;0;0;0;0
1399;0,137;9,409;2,354;3;0;0;0;-2
1400;0,31;9,586;2,278;2;0,173;0,177;-0,0760000000000001;-1
1401;0,29;9,591;2,1;5;-0,02;0,00499999999999901;-0,178;3
1402;0,29;9,591;2,1;5;0;0;0;0
1403;0,295;9,557;2,306;5;0,005;-0,0339999999999989;0,206;0
1404;0,295;9,557;2,306;3;0;0;0;-2
1405;0,295;9,557;2,306;2;0;0;0;-1
1406;0,353;9,557;2,282;5;0,058;0;-0,024;3
1407;0,353;9,557;2,282;5;0;0;0;0
1408;0,324;9,533;2,34;5;-0,029;-0,0240000000000009;0,0579999999999998;0
1409;0,324;9,533;2,34;3;0;0;0;-2
1410;0,324;9,533;2,34;2;0;0;0;-1
1411;0,305;9,495;2,426;5;-0,019;-0,0380000000000003;0,0860000000000003;3
1412;0,305;9,495;2,426;5;0;0;0;0
1413;0,314;9,476;2,479;5;0,00900000000000001;-0,0189999999999984;0,0529999999999999;0
1414;0,314;9,476;2,479;4;0;0;0;-1
1415;0,386;9,49;2,517;6;0,072;0,0139999999999993;0,0379999999999998;2
1416;0,386;9,49;2,517;5;0;0;0;-1
1417;0,348;9,457;2,522;5;-0,038;-0,0329999999999995;0,00499999999999989;0
1418;0,348;9,457;2,522;3;0;0;0;-2
1419;0,348;9,457;2,522;2;0;0;0;-1
1420;0,343;9,471;2,45;5;-0,00499999999999995;0,0139999999999993;-0,0719999999999996;3
1421;0,343;9,471;2,45;5;0;0;0;0
1422;0,357;9,591;2,33;5;0,014;0,119999999999999;-0,12;0
1423;0,357;9,591;2,33;4;0;0;0;-1
1424;0,357;9,591;2,33;1;0;0;0;-3
1425;0,444;9,595;2,33;5;0,087;0,00400000000000134;0;4
1426;0,444;9,595;2,33;5;0;0;0;0
1427;0,3;9,533;2,402;5;-0,144;-0,0620000000000012;0,0720000000000001;0
1428;0,3;9,533;2,402;4;0;0;0;-1
1429;0,3;9,533;2,402;1;0;0;0;-3
1430;0,223;9,409;2,412;5;-0,077;-0,123999999999999;0,00999999999999979;4
1431;0,223;9,409;2,412;5;0;0;0;0
1432;0,171;9,423;2,445;5;-0,052;0,0139999999999993;0,0329999999999999;0
1433;0,171;9,423;2,445;3;0;0;0;-2
1434;0,238;9,375;2,579;2;0,067;-0,048;0,134;-1
1435;0,238;9,375;2,579;5;0;0;0;3
1436;0,209;9,327;2,646;5;-0,029;-0,048;0,0669999999999997;0
1437;0,209;9,327;2,646;5;0;0;0;0
1438;0,209;9,327;2,646;3;0;0;0;-2
1439;0,161;9,337;2,637;2;-0,048;0,00999999999999979;-0,0089999999999999;-1
1440;0,161;9,337;2,637;5;0;0;0;3
1441;0,156;9,375;2,565;5;-0,005;0,0380000000000003;-0,0720000000000001;0
1442;0,156;9,375;2,565;5;0;0;0;0
1443;0,156;9,375;2,565;4;0;0;0;-1
1444;0,113;9,323;2,44;1;-0,043;-0,0519999999999996;-0,125;-3
1445;0,113;9,323;2,44;5;0;0;0;4
1446;0,156;9,404;2,316;5;0,043;0,0809999999999995;-0,124;0
1447;0,156;9,404;2,316;5;0;0;0;0
1448;0,156;9,404;2,316;3;0;0;0;-2
1449;0,233;9,437;2,373;2;0,077;0,0329999999999995;0,0570000000000004;-1
1450;0,233;9,437;2,373;5;0;0;0;3
1451;0,228;9,433;2,311;5;-0,005;-0,00399999999999956;-0,0620000000000003;0
1452;0,228;9,433;2,311;5;0;0;0;0
1453;0,228;9,433;2,311;3;0;0;0;-2
1454;0,166;9,442;2,297;2;-0,062;0,00900000000000034;-0,0139999999999998;-1
1455;0,166;9,442;2,297;5;0;0;0;3
1456;0,089;9,423;2,167;5;-0,077;-0,0190000000000001;-0,13;0
1457;0,089;9,423;2,167;5;0;0;0;0
1458;0,089;9,423;2,167;4;0;0;0;-1
1459;0,147;9,437;2,182;6;0,058;0,0139999999999993;0,0150000000000001;2
1460;0,219;9,433;2,263;5;0,072;-0,00399999999999956;0,081;-1
1461;0,219;9,433;2,263;5;0;0;0;0
1462;0,219;9,433;2,263;3;0;0;0;-2
1463;0,209;9,418;2,292;2;-0,01;-0,0150000000000006;0,0289999999999999;-1
1464;0,209;9,418;2,292;5;0;0;0;3
1465;0,113;9,37;2,393;5;-0,096;-0,048;0,101;0
1466;0,104;9,361;2,34;5;-0,00900000000000001;-0,00899999999999856;-0,0529999999999999;0
1467;0,104;9,361;2,34;4;0;0;0;-1
1468;0,104;9,361;2,34;1;0;0;0;-3
1469;0,156;9,375;2,421;5;0,052;0,0139999999999993;0,081;4
1470;0,156;9,375;2,421;5;0;0;0;0
1471;0,166;9,418;2,479;5;0,01;0,0429999999999993;0,0580000000000003;0
1472;0,166;9,418;2,479;4;0;0;0;-1
1473;0,166;9,418;2,479;1;0;0;0;-3
1474;0,175;9,433;2,46;5;0,00899999999999998;0,0150000000000006;-0,0190000000000001;4
1475;0,175;9,433;2,46;5;0;0;0;0
1476;0,281;9,485;2,503;5;0,106;0,0519999999999996;0,0430000000000001;0
1477;0,281;9,485;2,503;3;0;0;0;-2
1478;0,281;9,485;2,503;2;0;0;0;-1
1479;0,338;9,548;2,522;5;0,057;0,0630000000000006;0,0189999999999997;3
1480;0,338;9,548;2,522;5;0;0;0;0
1481;0,372;9,538;2,522;5;0,034;-0,00999999999999979;0;0
1482;0,372;9,538;2,522;3;0;0;0;-2
1483;0,372;9,538;2,522;2;0;0;0;-1
1484;0,338;9,533;2,421;5;-0,034;-0,00500000000000078;-0,101;3
1485;0,338;9,533;2,421;5;0;0;0;0
1486;0,257;9,485;2,412;5;-0,081;-0,048;-0,0089999999999999;0
1487;0,257;9,485;2,412;4;0;0;0;-1
1488;0,257;9,485;2,412;1;0;0;0;-3
1489;0,233;9,5;2,249;5;-0,024;0,0150000000000006;-0,163;4
1490;0,233;9,5;2,249;5;0;0;0;0
1491;0,252;9,533;2,373;5;0,019;0,0329999999999995;0,124;0
1492;0,252;9,533;2,373;3;0;0;0;-2
1493;0,252;9,533;2,373;2;0;0;0;-1
1494;0,223;9,504;2,483;5;-0,029;-0,0289999999999999;0,11;3
1495;0,223;9,504;2,483;5;0;0;0;0
1496;0,252;9,437;2,479;5;0,029;-0,0670000000000002;-0,004;0
1497;0,252;9,437;2,479;3;0;0;0;-2
1498;0,252;9,437;2,479;2;0;0;0;-1
1499;0,262;9,519;2,45;5;0,01;0,0820000000000007;-0,0289999999999999;3
1500;0,3;9,557;2,445;5;0,038;0,0380000000000003;-0,00500000000000034;0
1501;0,3;9,557;2,445;5;0;0;0;0
1502;0,3;9,557;2,445;4;0;0;0;-1
1503;0,195;9,49;2,436;6;-0,105;-0,0670000000000002;-0,0089999999999999;2
1504;0,132;9,457;2,393;5;-0,063;-0,0329999999999995;-0,0430000000000001;-1
1505;0,132;9,457;2,393;5;0;0;0;0
1506;0,132;9,457;2,393;3;0;0;0;-2
1507;0,08;9,452;2,469;2;-0,052;-0,00500000000000078;0,0760000000000001;-1
1508;0,08;9,452;2,469;5;0;0;0;3
1509;0,113;9,514;2,397;5;0,033;0,0619999999999994;-0,0720000000000001;0
1510;0,113;9,514;2,397;5;0;0;0;0
1511;0,113;9,514;2,397;4;0;0;0;-1
1512;0,061;9,485;2,349;1;-0,052;-0,0289999999999999;-0,0479999999999996;-3
1513;0,061;9,485;2,349;5;0;0;0;4
1514;0,123;9,476;2,488;5;0,062;-0,00899999999999856;0,139;0
1515;0,123;9,476;2,488;5;0;0;0;0
1516;0,123;9,476;2,488;4;0;0;0;-1
1517;0,228;9,543;2,436;1;0,105;0,0669999999999984;-0,052;-3
1518;0,228;9,543;2,436;5;0;0;0;4
1519;0,286;9,567;2,46;5;0,058;0,0240000000000009;0,024;0
1520;0,286;9,567;2,46;5;0;0;0;0
1521;0,286;9,567;2,46;4;0;0;0;-1
1522;0,357;9,586;2,474;1;0,071;0,0190000000000001;0,0140000000000002;-3
1523;0,357;9,586;2,474;5;0;0;0;4
1524;0,257;9,538;2,46;5;-0,1;-0,048;-0,0140000000000002;0
1525;0,257;9,538;2,46;5;0;0;0;0
1526;0,257;9,538;2,46;4;0;0;0;-1
1527;0,185;9,461;2,555;1;-0,072;-0,077;0,0950000000000002;-3
1528;0,185;9,461;2,555;5;0;0;0;4
1529;0,008;9,442;2,431;5;-0,177;-0,0190000000000001;-0,124;0
1530;0,008;9,442;2,431;5;0;0;0;0
1531;0,008;9,442;2,431;4;0;0;0;-1
1532;-0,058;9,418;2,378;1;-0,066;-0,0240000000000009;-0,0529999999999999;-3
1533;-0,073;9,404;2,349;5;-0,015;-0,0139999999999993;-0,0289999999999999;4
1534;-0,073;9,404;2,349;5;0;0;0;0
1535;-0,063;9,39;2,397;5;0,01;-0,0139999999999993;0,0479999999999996;0
1536;-0,063;9,39;2,397;4;0;0;0;-1
1537;-0,063;9,39;2,397;1;0;0;0;-3
1538;0,046;9,366;2,426;5;0,109;-0,0240000000000009;0,0290000000000004;4
1539;0,046;9,366;2,426;5;0;0;0;0
1540;0,132;9,418;2,421;5;0,086;0,0519999999999996;-0,00500000000000034;0
1541;0,132;9,418;2,421;4;0;0;0;-1
1542;0,132;9,418;2,421;1;0;0;0;-3
1543;0,156;9,428;2,388;5;0,024;0,0100000000000016;-0,0329999999999999;4
1544;0,156;9,428;2,388;5;0;0;0;0
1545;0,123;9,394;2,412;5;-0,033;-0,0340000000000007;0,024;0
1546;0,123;9,394;2,412;4;0;0;0;-1
1547;0,123;9,394;2,412;2;0;0;0;-2
1548;0,156;9,428;2,416;4;0,033;0,0340000000000007;0,004;2
1549;0,156;9,428;2,416;5;0;0;0;1
1550;0,147;9,418;2,551;5;-0,00900000000000001;-0,0100000000000016;0,135;0
1551;0,147;9,418;2,551;4;0;0;0;-1
1552;0,147;9,418;2,551;1;0;0;0;-3
1553;0,123;9,366;2,584;5;-0,024;-0,0519999999999996;0,0329999999999999;4
1554;0,123;9,366;2,584;5;0;0;0;0
1555;0,07;9,385;2,646;5;-0,053;0,0190000000000001;0,0619999999999998;0
1556;0,07;9,385;2,646;4;0;0;0;-1
1557;0,07;9,385;2,646;2;0;0;0;-2
1558;0,152;9,476;2,512;4;0,082;0,0910000000000011;-0,134;2
1559;0,152;9,476;2,512;5;0;0;0;1
1560;0,228;9,504;2,445;5;0,076;0,0279999999999987;-0,0670000000000002;0
1561;0,228;9,504;2,445;4;0;0;0;-1
1562;0,228;9,504;2,445;1;0;0;0;-3
1563;0,199;9,414;2,579;5;-0,029;-0,0899999999999999;0,134;4
1564;0,199;9,414;2,579;5;0;0;0;0
1565;0,223;9,442;2,541;5;0,024;0,0280000000000005;-0,0380000000000003;0
1566;0,223;9,442;2,541;4;0;0;0;-1
1567;0,276;9,495;2,536;1;0,053;0,052999999999999;-0,00499999999999989;-3
1568;0,276;9,495;2,536;5;0;0;0;4
1569;0,333;9,519;2,455;5;0,057;0,0240000000000009;-0,081;0
1570;0,333;9,519;2,455;5;0;0;0;0
1571;0,333;9,519;2,455;4;0;0;0;-1
1572;0,329;9,524;2,45;1;-0,004;0,00499999999999901;-0,00499999999999989;-3
1573;0,329;9,524;2,45;5;0;0;0;4
1574;0,286;9,533;2,335;5;-0,043;0,00900000000000034;-0,115;0
1575;0,286;9,533;2,335;5;0;0;0;0
1576;0,286;9,533;2,335;4;0;0;0;-1
1577;0,3;9,552;2,234;1;0,014;0,0190000000000001;-0,101;-3
1578;0,3;9,552;2,234;5;0;0;0;4
1579;0,257;9,514;2,302;5;-0,043;-0,0380000000000003;0,0680000000000001;0
1580;0,257;9,514;2,302;5;0;0;0;0
1581;0,257;9,514;2,302;4;0;0;0;-1
1582;0,247;9,433;2,536;1;-0,01;-0,0809999999999995;0,234;-3
1583;0,247;9,433;2,536;5;0;0;0;4
1584;0,228;9,428;2,512;5;-0,019;-0,00499999999999901;-0,024;0
1585;0,228;9,428;2,512;5;0;0;0;0
1586;0,228;9,428;2,512;4;0;0;0;-1
1587;0,209;9,433;2,378;1;-0,019;0,00499999999999901;-0,134;-3
1588;0,209;9,433;2,378;5;0;0;0;4
1589;0,195;9,485;2,345;5;-0,014;0,0519999999999996;-0,0329999999999999;0
1590;0,195;9,485;2,345;5;0;0;0;0
1591;0,195;9,485;2,345;5;0;0;0;0
1592;0,152;9,471;2,287;5;-0,043;-0,0139999999999993;-0,0580000000000003;0
1593;0,142;9,524;2,44;5;-0,01;0,052999999999999;0,153;0
1594;0,142;9,524;2,44;5;0;0;0;0
1595;0,142;9,524;2,44;4;0;0;0;-1
1596;0,195;9,461;2,44;1;0,053;-0,0629999999999988;0;-3
1597;0,195;9,461;2,44;5;0;0;0;4
1598;0,171;9,524;2,436;5;-0,024;0,0629999999999988;-0,004;0
1599;0,147;9,385;2,512;5;-0,024;-0,138999999999999;0,0760000000000001;0
1600;0,147;9,385;2,512;4;0;0;0;-1
1601;0,147;9,385;2,512;2;0;0;0;-2
1602;0,276;9,452;2,651;4;0,129;0,0670000000000002;0,139;2
1603;0,276;9,452;2,651;5;0;0;0;1
1604;0,42;9,524;2,527;5;0,144;0,0719999999999992;-0,124;0
1605;0,42;9,524;2,527;4;0;0;0;-1
1606;0,42;9,524;2,527;1;0;0;0;-3
1607;0,482;9,615;2,531;5;0,062;0,0910000000000011;0,004;4
1608;0,482;9,615;2,531;5;0;0;0;0
1609;0,535;9,662;1,851;5;0,053;0,0470000000000006;-0,68;0
1610;0,535;9,662;1,851;4;0;0;0;-1
1611;0,535;9,662;1,851;1;0;0;0;-3
1612;0,645;10,05;1,727;5;0,11;0,388;-0,124;4
1613;0,645;10,05;1,727;5;0;0;0;0
1614;0,726;9,648;2,009;5;0,081;-0,402000000000001;0,282;0
1615;0,726;9,648;2,009;4;0;0;0;-1
1616;0,726;9,648;2,009;1;0;0;0;-3
1617;0,535;9,73;2,148;5;-0,191;0,0820000000000007;0,139;4
1618;0,535;9,73;2,148;6;0;0;0;1
1619;0,41;9,509;2,292;5;-0,125;-0,221;0,144;-1
1620;0,41;9,509;2,292;3;0;0;0;-2
1621;0,41;9,509;2,292;2;0;0;0;-1
1622;0,439;9,466;2,551;5;0,029;-0,043000000000001;0,259;3
1623;0,439;9,466;2,551;5;0;0;0;0
1624;0,405;9,385;2,747;5;-0,034;-0,0809999999999995;0,196;0
1625;0,405;9,385;2,747;3;0;0;0;-2
1626;0,405;9,385;2,747;2;0;0;0;-1
1627;0,362;9,399;2,579;5;-0,043;0,0139999999999993;-0,168;3
1628;0,362;9,399;2,579;5;0;0;0;0
1629;0,458;9,576;2,517;5;0,096;0,177000000000001;-0,0620000000000003;0
1630;0,458;9,576;2,517;3;0;0;0;-2
1631;0,458;9,576;2,517;2;0;0;0;-1
1632;0,501;9,619;2,249;5;0,043;0,0429999999999993;-0,268;3
1633;0,434;9,595;2,215;5;-0,067;-0,0239999999999991;-0,0340000000000003;0
1634;0,434;9,595;2,215;5;0;0;0;0
1635;0,434;9,595;2,215;4;0;0;0;-1
1636;0,343;9,528;2,325;6;-0,091;-0,0670000000000002;0,11;2
1637;0,238;9,442;2,373;5;-0,105;-0,0860000000000003;0,048;-1
1638;0,238;9,442;2,373;5;0;0;0;0
1639;0,238;9,442;2,373;3;0;0;0;-2
1640;0,171;9,351;2,416;2;-0,067;-0,0909999999999993;0,0429999999999997;-1
1641;0,171;9,351;2,416;5;0;0;0;3
1642;0,132;9,337;2,431;5;-0,039;-0,0140000000000011;0,0150000000000001;0
1643;0,132;9,337;2,431;5;0;0;0;0
1644;0,132;9,337;2,431;3;0;0;0;-2
1645;0,089;9,294;2,488;2;-0,043;-0,0429999999999993;0,0569999999999999;-1
1646;0,089;9,294;2,488;5;0;0;0;3
1647;0,037;9,236;2,752;5;-0,052;-0,0579999999999998;0,264;0
1648;0,037;9,236;2,752;5;0;0;0;0
1649;0,037;9,236;2,752;4;0;0;0;-1
1650;-0,058;9,169;2,675;1;-0,095;-0,0670000000000002;-0,077;-3
1651;-0,058;9,169;2,675;5;0;0;0;4
1652;-0,12;9,074;2,732;5;-0,062;-0,0950000000000006;0,0570000000000004;0
1653;-0,12;9,074;2,732;5;0;0;0;0
1654;-0,12;9,074;2,732;3;0;0;0;-2
1655;-0,168;9,198;2,479;2;-0,048;0,124000000000001;-0,253;-1
1656;-0,168;9,198;2,479;5;0;0;0;3
1657;-0,245;9,217;2,45;5;-0,077;0,0190000000000001;-0,0289999999999999;0
1658;-0,245;9,217;2,45;5;0;0;0;0
1659;-0,245;9,217;2,45;3;0;0;0;-2
1660;-0,235;9,236;2,302;2;0,01;0,0190000000000001;-0,148;-1
1661;-0,235;9,236;2,302;5;0;0;0;3
1662;-0,183;9,327;2,287;5;0,052;0,0909999999999993;-0,0150000000000001;0
1663;-0,183;9,327;2,287;5;0;0;0;0
1664;-0,183;9,327;2,287;4;0;0;0;-1
1665;-0,13;9,27;2,282;1;0,053;-0,0570000000000004;-0,00499999999999989;-3
1666;-0,092;9,289;2,507;5;0,038;0,0190000000000001;0,225;4
1667;-0,092;9,289;2,507;5;0;0;0;0
1668;-0,111;9,27;2,522;5;-0,019;-0,0190000000000001;0,0149999999999997;0
1669;-0,111;9,27;2,522;3;0;0;0;-2
1670;-0,111;9,27;2,522;2;0;0;0;-1
1671;-0,154;9,332;2,512;5;-0,043;0,0620000000000012;-0,00999999999999979;3
1672;-0,154;9,332;2,512;5;0;0;0;0
1673;-0,168;9,299;2,455;5;-0,014;-0,0330000000000013;-0,0569999999999999;0
1674;-0,168;9,299;2,455;3;0;0;0;-2
1675;-0,168;9,299;2,455;2;0;0;0;-1
1676;-0,149;9,337;2,378;5;0,019;0,0380000000000003;-0,077;3
1677;-0,149;9,337;2,378;5;0;0;0;0
1678;-0,168;9,332;2,349;5;-0,019;-0,00499999999999901;-0,0289999999999999;0
1679;-0,168;9,332;2,349;4;0;0;0;-1
1680;-0,168;9,332;2,349;1;0;0;0;-3
1681;-0,082;9,409;2,292;5;0,086;0,077;-0,0570000000000004;4
1682;-0,082;9,409;2,292;5;0;0;0;0
1683;-0,015;9,442;2,297;5;0,067;0,0329999999999995;0,00500000000000034;0
1684;-0,015;9,442;2,297;3;0;0;0;-2
1685;-0,015;9,442;2,297;2;0;0;0;-1
1686;0,089;9,471;2,373;5;0,104;0,0289999999999999;0,0760000000000001;3
1687;0,089;9,471;2,373;5;0;0;0;0
1688;0,094;9,476;2,469;5;0,005;0,00500000000000078;0,0959999999999996;0
1689;0,094;9,476;2,469;4;0;0;0;-1
1690;0,094;9,476;2,469;1;0;0;0;-3
1691;0,061;9,423;2,531;5;-0,033;-0,0530000000000008;0,0620000000000003;4
1692;0,061;9,423;2,531;5;0;0;0;0
1693;0,084;9,5;2,436;5;0,023;0,077;-0,0950000000000002;0
1694;0,084;9,5;2,436;4;0;0;0;-1
1695;0,084;9,5;2,436;1;0;0;0;-3
1696;0,099;9,519;2,431;5;0,015;0,0190000000000001;-0,00499999999999989;4
1697;0,099;9,519;2,431;5;0;0;0;0
1698;0,07;9,476;2,426;5;-0,029;-0,0429999999999993;-0,00499999999999989;0
1699;0,07;9,476;2,426;3;0;0;0;-2
1700;0,017;9,461;2,407;2;-0,053;-0,0150000000000006;-0,0190000000000001;-1
1701;0,017;9,461;2,407;5;0;0;0;3
1702;-0,068;9,461;2,522;5;-0,085;0;0,115;0
1703;-0,068;9,461;2,522;5;0;0;0;0
1704;-0,068;9,461;2,522;3;0;0;0;-2
1705;-0,063;9,428;2,541;2;0,005;-0,0329999999999995;0,0190000000000001;-1
1706;-0,063;9,428;2,541;5;0;0;0;3
1707;-0,049;9,418;2,541;5;0,014;-0,0100000000000016;0;0
1708;-0,049;9,418;2,541;5;0;0;0;0
1709;-0,049;9,418;2,541;4;0;0;0;-1
1710;-0,058;9,399;2,507;1;-0,009;-0,0190000000000001;-0,0339999999999998;-3
1711;-0,058;9,399;2,507;5;0;0;0;4
1712;-0,068;9,399;2,402;5;-0,01;0;-0,105;0
1713;-0,068;9,399;2,402;5;0;0;0;0
1714;-0,068;9,399;2,402;3;0;0;0;-2
1715;-0,082;9,452;2,393;2;-0,014;0,0530000000000008;-0,00900000000000034;-1
1716;-0,082;9,452;2,393;5;0;0;0;3
1717;0,008;9,495;2,282;5;0,09;0,0429999999999993;-0,111;0
1718;0,008;9,495;2,282;5;0;0;0;0
1719;0,008;9,495;2,282;3;0;0;0;-2
1720;0,075;9,471;2,431;2;0,067;-0,0239999999999991;0,149;-1
1721;0,075;9,471;2,431;5;0;0;0;3
1722;-0,015;9,399;2,483;5;-0,09;-0,072000000000001;0,052;0
1723;-0,015;9,399;2,483;5;0;0;0;0
1724;-0,015;9,399;2,483;4;0;0;0;-1
1725;-0,077;9,351;2,56;1;-0,062;-0,0479999999999983;0,077;-3
1726;-0,077;9,351;2,56;5;0;0;0;4
1727;-0,096;9,361;2,661;5;-0,019;0,00999999999999979;0,101;0
1728;-0,096;9,361;2,661;5;0;0;0;0
1729;-0,096;9,361;2,661;3;0;0;0;-2
1730;-0,058;9,294;2,747;2;0,038;-0,0670000000000002;0,0859999999999999;-1
1731;-0,058;9,294;2,747;5;0;0;0;3
1732;-0,096;9,289;2,776;5;-0,038;-0,00500000000000078;0,0289999999999999;0
1733;-0,173;9,313;2,742;5;-0,077;0,0240000000000009;-0,0339999999999998;0
1734;-0,173;9,313;2,742;4;0;0;0;-1
1735;-0,173;9,313;2,742;1;0;0;0;-3
1736;-0,202;9,332;2,651;5;-0,029;0,0190000000000001;-0,0910000000000002;4
1737;-0,202;9,332;2,651;5;0;0;0;0
1738;-0,254;9,332;2,536;5;-0,052;0;-0,115;0
1739;-0,254;9,332;2,536;4;0;0;0;-1
1740;-0,254;9,332;2,536;1;0;0;0;-3
1741;-0,264;9,313;2,397;5;-0,01;-0,0190000000000001;-0,139;4
1742;-0,264;9,313;2,397;5;0;0;0;0
1743;-0,254;9,327;2,493;5;0,01;0,0139999999999993;0,0960000000000001;0
1744;-0,254;9,327;2,493;3;0;0;0;-2
1745;-0,254;9,327;2,493;2;0;0;0;-1
1746;-0,293;9,361;2,426;5;-0,039;0,0340000000000007;-0,0669999999999997;3
1747;-0,293;9,361;2,426;5;0;0;0;0
