timestamp;x;y;z;|V|;dx;dy;dz;d|V|
0;0,392;4,158;8,786;00;0;0;0
1;0,431;4,079;8,747;9;0,039;-0,0790000000000006;-0,0389999999999997;9
2;0,47;4,236;8,865;10;0,039;0,157;0,118;1
3;0,549;4,275;8,982;11;0,0790000000000001;0,0390000000000006;0,116999999999999;1
4;0,549;4,275;9,061;9;0;0;0,0790000000000006;-2
5;0,353;4,275;9,139;11;-0,196;0;0,0779999999999994;2
6;0,235;4,55;9,375;9;-0,118;0,274999999999999;0,236000000000001;-2
7;0,274;4,707;9,492;11;0,039;0,157;0,117000000000001;2
8;0,509;4,864;9,806;10;0,235;0,157;0,313999999999998;-1
9;0,588;4,981;9,845;10;0,079;0,117;0,0390000000000015;0
10;0,588;4,824;9,963;15;0;-0,157;0,117999999999999;5
11;0,588;4,746;10,042;5;0;-0,0779999999999994;0,0790000000000006;-10
12;0,666;4,746;10,12;10;0,0780000000000001;0;0,0779999999999994;5
13;0,588;4,432;10,042;10;-0,0780000000000001;-0,314;-0,0779999999999994;0
14;0,431;4,55;10,238;9;-0,157;0,117999999999999;0,196;-1
15;0,627;4,236;9,845;11;0,196;-0,314;-0,392999999999999;2
16;0,588;4,275;10,159;10;-0,039;0,0390000000000006;0,314;-1
17;0,745;4,079;10,198;10;0,157;-0,196000000000001;0,0389999999999997;0
18;0,862;4,04;10,042;10;0,117;-0,0389999999999997;-0,156000000000001;0
19;0,823;3,922;9,806;10;-0,039;-0,118;-0,236000000000001;0
20;0,706;3,804;9,728;10;-0,117;-0,118;-0,0779999999999994;0
21;0,666;3,608;9,335;9;-0,0399999999999999;-0,196;-0,392999999999999;-1
22;0,666;3,804;9,296;11;0;0,196;-0,0390000000000015;2
23;0,784;3,726;9,139;9;0,118;-0,0779999999999998;-0,157;-2
24;0,666;3,844;9,022;11;-0,118;0,118;-0,116999999999999;2
25;0,706;4,001;8,708;10;0,0399999999999999;0,157;-0,314;-1
26;0,823;3,961;8,865;10;0,117;-0,0400000000000005;0,157;0
27;0,588;4,04;8,786;10;-0,235;0,0790000000000002;-0,0790000000000006;0
28;0,235;3,726;8,865;10;-0,353;-0,314;0,0790000000000006;0
29;0,039;3,687;8,904;9;-0,196;-0,0390000000000001;0,0389999999999997;-1
30;-0,039;3,608;8,904;10;-0,078;-0,0789999999999997;0;1
31;0,156;3,726;9,061;11;0,195;0,118;0,157;1
32;0,235;4,118;9,1;9;0,079;0,392;0,0389999999999997;-2
33;0,156;4,354;9,139;11;-0,079;0,236;0,0389999999999997;2
34;-0,078;4,314;9,1;9;-0,234;-0,04;-0,0389999999999997;-2
35;0,0;4,354;8,982;10;0,078;0,04;-0,118;1
36;0,078;4,197;8,865;11;0,078;-0,157;-0,116999999999999;1
37;0,117;4,001;8,904;10;0,039;-0,196;0,0389999999999997;-1
38;0,313;3,922;9,061;9;0,196;-0,0790000000000002;0,157;-1
39;0,392;3,726;9,179;11;0,079;-0,196;0,118;2
40;0,392;3,687;9,375;10;0;-0,0390000000000001;0,196;-1
41;0,313;3,726;9,61;10;-0,079;0,0390000000000001;0,234999999999999;0
42;0,196;3,53;9,728;9;-0,117;-0,196;0,118;-1
43;-0,078;3,373;9,688;10;-0,274;-0,157;-0,0399999999999991;1
44;-0,156;3,491;9,61;11;-0,078;0,118;-0,0780000000000012;1
45;-0,078;3,569;9,649;10;0,078;0,0779999999999998;0,0389999999999997;-1
46;0,039;3,922;9,453;10;0,117;0,353;-0,196;0
47;0,156;4,079;9,414;9;0,117;0,157;-0,0389999999999997;-1
48;0,078;4,001;9,492;11;-0,078;-0,0779999999999994;0,0780000000000012;2
49;0,078;4,001;9,571;9;0;0;0,0789999999999988;-2
50;-0,078;3,844;9,728;11;-0,156;-0,157;0,157;2
51;0,0;3,804;9,885;10;0,078;-0,04;0,157;-1
52;0,039;3,804;10,238;9;0,039;0;0,353;-1
53;0,078;3,883;10,63;11;0,039;0,0790000000000002;0,392000000000001;2
54;0,078;3,844;10,944;9;0;-0,0390000000000001;0,314;-2
55;0,0;3,608;11,454;10;-0,078;-0,236;0,51;1
56;-0,117;3,373;11,689;11;-0,117;-0,235;0,234999999999999;1
57;-0,274;3,098;11,924;10;-0,157;-0,275;0,234999999999999;-1
58;-0,666;2,824;11,885;10;-0,392;-0,274;-0,0389999999999997;0
59;-1,019;2,628;11,728;9;-0,353;-0,196;-0,157;-1
60;-1,019;2,432;11,493;11;0;-0,196;-0,234999999999999;2
61;-0,941;2,235;11,179;10;0,078;-0,197;-0,314;-1
62;-0,627;2,196;10,983;9;0,314;-0,0389999999999997;-0,196;-1
63;-0,274;2,157;10,708;11;0,353;-0,0390000000000001;-0,275;2
64;-0,235;2,039;10,551;10;0,039;-0,118;-0,157;-1
65;-0,117;2,196;10,395;9;0,118;0,157;-0,156000000000001;-1
66;-0,196;2,392;10,512;11;-0,079;0,196;0,117000000000001;2
67;-0,274;2,353;10,591;10;-0,078;-0,0389999999999997;0,0789999999999988;-1
68;-0,745;2,079;10,865;10;-0,471;-0,274;0,274000000000001;0
69;-1,137;2,039;10,944;9;-0,392;-0,04;0,0790000000000006;-1
70;-1,372;2,118;10,983;11;-0,235;0,0789999999999997;0,0389999999999997;2
71;-1,372;2,235;11,14;10;0;0,117;0,157;-1
72;-1,216;2,275;11,179;9;0,156;0,04;0,0389999999999997;-1
73;-1,412;2,196;11,218;11;-0,196;-0,0789999999999997;0,0389999999999997;2
74;-1,529;1,961;11,14;10;-0,117;-0,235;-0,0779999999999994;-1
75;-1,255;1,765;10,944;10;0,274;-0,196;-0,196;0
76;-1,137;1,686;10,669;9;0,118;-0,079;-0,275;-1
77;-1,098;1,451;10,238;11;0,0389999999999999;-0,235;-0,431000000000001;2
78;-0,98;1,529;9,845;10;0,118;0,0779999999999998;-0,392999999999999;-1
79;-0,706;1,961;9,492;9;0,274;0,432;-0,353;-1
80;-0,588;2,118;9,179;11;0,118;0,157;-0,313000000000001;2
81;-0,549;2,353;8,943;10;0,0389999999999999;0,235;-0,236000000000001;-1
82;-0,549;2,432;8,825;9;0;0,0789999999999997;-0,118;-1
83;-0,666;2,588;8,825;11;-0,117;0,156;0;2
84;-0,666;2,628;8,982;10;0;0,04;0,157;-1
85;-0,706;2,667;9,218;10;-0,0399999999999999;0,0389999999999997;0,236000000000001;0
86;-1,059;2,275;9,375;10;-0,353;-0,392;0,157;0
87;-1,294;2,353;9,453;10;-0,235;0,0780000000000003;0,0779999999999994;0
88;-1,372;2,588;9,571;10;-0,0780000000000001;0,235;0,118;0
89;-1,137;2,785;9,767;10;0,235;0,197;0,196;0
90;-0,862;2,824;9,688;9;0,275;0,0389999999999997;-0,0789999999999988;-1
91;-0,902;2,706;9,453;11;-0,04;-0,118;-0,235000000000001;2
92;-0,98;2,667;9,1;10;-0,078;-0,0390000000000001;-0,353;-1
93;-0,823;2,667;8,825;10;0,157;0;-0,275;0
94;-0,745;2,785;8,512;10;0,078;0,118;-0,312999999999999;0
95;-0,509;2,941;8,276;10;0,236;0,156;-0,236000000000001;0
96;-0,353;3,138;8,316;10;0,156;0,197;0,0400000000000009;0
97;0,0;3,295;8,316;13;0,353;0,157;0;3
98;0,0;3,451;8,551;7;0;0,156;0,234999999999999;-6
99;-0,078;3,491;8,825;9;-0,078;0,04;0,273999999999999;2
100;-0,274;3,412;9,139;11;-0,196;-0,0790000000000002;0,314;2
101;-0,313;3,412;9,335;10;-0,039;0;0,196000000000002;-1
102;-0,509;3,334;9,571;9;-0,196;-0,0779999999999998;0,235999999999999;-1
103;-0,627;3,255;9,649;11;-0,118;-0,0790000000000002;0,0779999999999994;2
104;-0,627;3,295;9,61;10;0;0,04;-0,0389999999999997;-1
105;-0,666;3,373;9,453;10;-0,039;0,0780000000000003;-0,157;0
106;-0,431;3,53;9,257;10;0,235;0,157;-0,196;0
107;-0,313;3,648;9,061;10;0,118;0,118;-0,196;0
108;-0,274;3,451;8,904;10;0,039;-0,197;-0,157;0
109;-0,235;3,648;8,708;9;0,039;0,197;-0,196;-1
110;-0,078;3,648;8,669;10;0,157;0;-0,0389999999999997;1
111;0,078;3,687;8,708;11;0,156;0,0389999999999997;0,0389999999999997;1
112;0,117;3,726;8,708;10;0,039;0,0390000000000001;0;-1
113;0,156;3,569;8,512;10;0,039;-0,157;-0,196;0
114;0,117;3,726;8,865;10;-0,039;0,157;0,353;0
115;0,078;4,04;9,061;10;-0,039;0,314;0,196;0
116;0,039;4,04;9,375;10;-0,039;0;0,314;0
117;-0,117;4,079;9,335;10;-0,156;0,0389999999999997;-0,0399999999999991;0
118;-0,313;4,197;9,179;10;-0,196;0,118;-0,156000000000001;0
119;-0,313;4,118;9,179;10;0;-0,0789999999999997;0;0
120;-0,235;4,04;9,179;9;0,078;-0,0780000000000003;0;-1
121;0,078;4,197;8,551;11;0,313;0,157;-0,628;2
122;0,078;4,275;8,943;10;0;0,0780000000000003;0,391999999999999;-1
123;0,353;4,471;8,747;10;0,275;0,196;-0,196;0
124;0,431;4,628;8,825;10;0,078;0,157;0,0779999999999994;0
125;0,392;4,903;8,825;10;-0,039;0,274999999999999;0;0
126;0,353;4,864;9,335;10;-0,039;-0,0389999999999997;0,510000000000002;0
127;0,392;5,021;9,375;10;0,039;0,157;0,0399999999999991;0
128;0,47;5,217;9,924;9;0,078;0,196;0,548999999999999;-1
129;0,509;5,177;10,316;11;0,039;-0,04;0,392000000000001;2
130;0,47;4,942;10,63;11;-0,039;-0,234999999999999;0,314;0
131;0,274;4,667;10,865;8;-0,196;-0,275;0,234999999999999;-3
132;0,313;4,55;11,179;11;0,039;-0,117;0,314;3
133;0,431;4,55;11,336;10;0,118;0;0,157;-1
134;0,392;4,511;11,414;10;-0,039;-0,0389999999999997;0,0779999999999994;0
135;0,431;4,55;11,414;9;0,039;0,0389999999999997;0;-1
136;0,392;4,354;11,258;11;-0,039;-0,196;-0,156000000000001;2
137;0,588;4,354;11,14;9;0,196;0;-0,117999999999999;-2
138;0,666;4,511;11,061;10;0,0780000000000001;0,157;-0,0790000000000006;1
139;0,862;4,55;11,061;10;0,196;0,0389999999999997;0;0
140;0,902;4,393;11,101;10;0,04;-0,157;0,0400000000000009;0
141;0,902;4,314;11,218;11;0;-0,0789999999999997;0,116999999999999;1
142;0,784;4,04;11,532;9;-0,118;-0,274;0,314;-2
143;0,706;3,844;11,571;11;-0,0780000000000001;-0,196;0,0389999999999997;2
144;0,666;3,765;11,689;9;-0,0399999999999999;-0,0789999999999997;0,118;-2
145;0,627;3,687;11,689;11;-0,039;-0,0780000000000003;0;2
146;0,47;3,373;11,728;9;-0,157;-0,314;0,0389999999999997;-2
147;0,392;3,098;11,454;11;-0,078;-0,275;-0,273999999999999;2
148;0,431;2,745;11,258;9;0,039;-0,353;-0,196000000000002;-2
149;0,47;2,549;10,826;11;0,039;-0,196;-0,431999999999999;2
150;0,588;2,353;10,591;9;0,118;-0,196;-0,235000000000001;-2
151;0,706;2,275;10,355;11;0,118;-0,0780000000000003;-0,235999999999999;2
152;0,902;2,235;10,238;9;0,196;-0,04;-0,117000000000001;-2
153;1,059;2,314;9,885;11;0,157;0,0790000000000002;-0,353;2
154;1,216;2,392;9,885;9;0,157;0,0779999999999998;0;-2
155;1,333;2,392;9,885;11;0,117;0;0;2
156;1,372;2,392;9,963;9;0,0390000000000001;0;0,0779999999999994;-2
157;1,059;2,235;9,885;11;-0,313;-0,157;-0,0779999999999994;2
158;0,941;2,079;9,806;10;-0,118;-0,156;-0,0790000000000006;-1
159;0,745;1,961;9,767;9;-0,196;-0,118;-0,0389999999999997;-1
160;0,823;1,922;9,649;10;0,078;-0,0390000000000001;-0,118;1
161;0,902;1,961;9,296;11;0,0790000000000001;0,0390000000000001;-0,353;1
162;1,059;2,0;9,139;10;0,157;0,0389999999999999;-0,157;-1
163;1,137;2,039;9,061;9;0,0780000000000001;0,0390000000000001;-0,0779999999999994;-1
164;1,098;1,961;8,825;11;-0,0389999999999999;-0,0780000000000001;-0,236000000000001;2
165;1,098;1,843;9,022;10;0;-0,118;0,197000000000001;-1
166;1,098;1,804;9,296;10;0;-0,0389999999999999;0,273999999999999;0
167;0,902;1,882;9,492;10;-0,196;0,0779999999999998;0,196000000000002;0
168;0,706;1,843;9,688;9;-0,196;-0,0389999999999999;0,196;-1
169;0,627;1,882;9,806;10;-0,079;0,0389999999999999;0,117999999999999;1
170;0,509;2,0;9,806;11;-0,118;0,118;0;1
171;0,196;2,0;9,728;10;-0,313;0;-0,0779999999999994;-1
172;0,078;2,079;9,375;10;-0,118;0,0790000000000002;-0,353;0
173;0,0;2,0;9,022;9;-0,078;-0,0790000000000002;-0,353;-1
174;0,117;2,196;8,59;11;0,117;0,196;-0,432;2
175;0,313;2,353;8,394;10;0,196;0,157;-0,196;-1
176;0,431;2,549;8,198;10;0,118;0,196;-0,196;0
177;0,274;2,549;8,237;10;-0,157;0;0,0389999999999997;0
178;0,196;2,667;8,119;10;-0,078;0,118;-0,118;0
179;0,156;2,667;8,394;10;-0,04;0;0,275;0
180;0,156;2,824;8,512;9;0;0,157;0,118;-1
181;0,156;2,902;8,865;11;0;0,0780000000000003;0,353;2
182;0,039;2,902;8,943;9;-0,117;0;0,0779999999999994;-2
183;-0,039;2,785;9,139;10;-0,078;-0,117;0,196;1
184;-0,078;2,667;9,139;10;-0,039;-0,118;0;0
185;0,039;2,588;9,179;10;0,117;-0,0789999999999997;0,0400000000000009;0
186;0,117;2,628;9,257;11;0,078;0,04;0,0779999999999994;1
187;0,078;2,628;9,375;9;-0,039;0;0,118;-2
188;0,117;2,667;9,453;11;0,039;0,0389999999999997;0,0779999999999994;2
189;0,0;2,824;9,571;10;-0,117;0,157;0,118;-1
190;0,156;2,902;9,571;9;0,156;0,0780000000000003;0;-1
191;0,156;2,981;9,728;11;0;0,0789999999999997;0,157;2
192;0,039;3,216;9,885;9;-0,117;0,235;0,157;-2
193;0,039;3,216;9,924;10;0;0;0,0389999999999997;1
194;-0,196;3,295;9,885;11;-0,235;0,0789999999999997;-0,0389999999999997;1
195;-0,078;3,451;9,767;10;0,118;0,156;-0,118;-1
196;0,0;3,491;9,767;9;0,078;0,04;0;-1
197;0,078;3,687;9,532;10;0,078;0,196;-0,234999999999999;1
198;0,039;3,922;9,414;10;-0,039;0,235;-0,118;0
199;0,117;4,197;9,375;11;0,078;0,275;-0,0389999999999997;1
200;0,117;4,314;9,257;9;0;0,117;-0,118;-2
201;0,235;4,55;9,335;10;0,118;0,236;0,0780000000000012;1
202;0,431;4,55;9,532;10;0,196;0;0,196999999999999;0
203;0,392;4,432;9,61;10;-0,039;-0,117999999999999;0,0779999999999994;0
204;0,47;4,432;9,924;11;0,078;0;0,314;1
205;0,509;4,393;10,198;9;0,039;-0,0390000000000006;0,274000000000001;-2
206;0,627;4,275;10,434;11;0,118;-0,117999999999999;0,235999999999999;2
207;0,588;4,04;10,748;9;-0,039;-0,235;0,314;-2
208;0,666;3,844;10,865;11;0,0780000000000001;-0,196;0,117000000000001;2
209;0,431;3,687;10,904;9;-0,235;-0,157;0,0389999999999997;-2
210;0,313;3,608;10,944;11;-0,118;-0,0789999999999997;0,0400000000000009;2
211;0,235;3,569;10,865;9;-0,078;-0,0390000000000001;-0,0790000000000006;-2
212;0,196;3,726;10,669;10;-0,039;0,157;-0,196;1
213;0,353;3,922;10,551;11;0,157;0,196;-0,118;1
214;0,392;3,765;10,395;11;0,039;-0,157;-0,156000000000001;0
215;0,47;3,844;10,198;8;0,078;0,0789999999999997;-0,196999999999999;-3
216;0,706;3,648;10,473;11;0,236;-0,196;0,275;3
217;0,353;3,334;11,218;9;-0,353;-0,314;0,744999999999999;-2
218;-0,039;3,334;11,689;11;-0,392;0;0,471;2
219;-0,196;2,981;12,16;10;-0,157;-0,353;0,471;-1
220;-0,196;2,628;12,63;10;0;-0,353;0,470000000000001;0
221;-0,47;2,588;12,63;10;-0,274;-0,04;0;0
222;-0,784;2,314;12,63;10;-0,314;-0,274;0;0
223;-1,059;2,118;12,356;9;-0,275;-0,196;-0,274000000000001;-1
224;-1,412;1,333;11,022;12;-0,353;-0,785;-1,334;3
225;-0,862;1,49;9,963;19;0,55;0,157;-1,059;7
226;-0,353;2,0;9,414;10;0,509;0,51;-0,548999999999999;-9
227;-0,156;2,314;8,904;10;0,197;0,314;-0,51;0
228;0,235;2,667;8,276;10;0,391;0,353;-0,628;0
229;0,235;3,059;8,159;10;0;0,392;-0,116999999999999;0
230;0,47;3,255;8,159;9;0,235;0,196;0;-1
231;0,392;3,373;8,629;11;-0,078;0,118;0,469999999999999;2
232;0,0;3,255;8,982;10;-0,392;-0,118;0,353;-1
233;-0,588;3,059;9,806;11;-0,588;-0,196;0,824;1
234;-0,588;2,902;9,806;9;0;-0,157;0;-2
235;-0,902;2,706;10,238;10;-0,314;-0,196;0,432;1
236;-1,098;2,471;10,434;9;-0,196;-0,235;0,196;-1
237;-0,862;2,51;10,434;11;0,236;0,0389999999999997;0;2
238;-0,627;2,471;10,63;10;0,235;-0,0389999999999997;0,196000000000002;-1
239;-0,47;2,549;10,708;9;0,157;0,0779999999999998;0,0779999999999994;-1
240;-0,196;2,628;10,551;11;0,274;0,0790000000000002;-0,157;2
241;-0,039;2,628;10,355;10;0,157;0;-0,196;-1
242;-0,117;2,51;9,845;10;-0,078;-0,118;-0,51;0
243;0,078;2,51;9,375;9;0,195;0;-0,470000000000001;-1
244;0,235;2,667;8,825;11;0,157;0,157;-0,550000000000001;2
245;0,392;2,588;8,276;10;0,157;-0,0789999999999997;-0,548999999999999;-1
246;0,509;2,745;7,806;11;0,117;0,157;-0,47;1
247;0,509;2,785;7,845;8;0;0,04;0,0389999999999997;-3
248;0,588;2,941;7,688;10;0,079;0,156;-0,157;2
249;0,509;3,02;7,806;10;-0,079;0,0790000000000002;0,118;0
250;0,509;3,059;7,845;10;0;0,0390000000000001;0,0389999999999997;0
251;0,666;3,138;8,041;10;0,157;0,0789999999999997;0,196000000000001;0
252;0,784;3,098;8,394;11;0,118;-0,04;0,353;1
253;0,549;3,098;8,512;9;-0,235;0;0,118;-2
254;0,627;3,098;8,786;11;0,078;0;0,273999999999999;2
255;0,47;3,138;8,943;9;-0,157;0,04;0,157;-2
256;0,353;3,098;8,943;10;-0,117;-0,04;0;1
257;0,235;3,255;9,061;10;-0,118;0,157;0,118;0
258;0,196;3,53;9,257;11;-0,039;0,275;0,196;1
259;0,353;3,687;9,414;10;0,157;0,157;0,157;-1
260;0,274;3,844;9,532;9;-0,079;0,157;0,118;-1
261;0,392;3,726;9,649;10;0,118;-0,118;0,116999999999999;1
262;0,353;3,726;9,688;11;-0,039;0;0,0390000000000015;1
263;0,235;3,53;9,649;12;-0,118;-0,196;-0,0390000000000015;1
264;0,353;3,53;9,688;8;0,118;0;0,0390000000000015;-4
265;0,392;3,804;9,649;10;0,039;0,274;-0,0390000000000015;2
266;0,588;3,804;9,688;9;0,196;0;0,0390000000000015;-1
267;0,588;3,922;9,61;10;0;0,118;-0,0780000000000012;1
268;0,509;3,961;9,532;10;-0,079;0,0389999999999997;-0,0779999999999994;0
269;0,706;4,079;9,571;10;0,197;0,118;0,0389999999999997;0
270;0,666;4,275;9,688;11;-0,0399999999999999;0,196000000000001;0,117000000000001;1
271;0,627;4,275;9,806;10;-0,039;0;0,117999999999999;-1
272;0,666;4,275;9,885;10;0,039;0;0,0790000000000006;0
273;0,666;4,275;10,042;11;0;0;0,157;1
274;0,745;4,314;10,238;8;0,079;0,0389999999999997;0,196;-3
275;0,784;4,314;10,316;10;0,039;0;0,0780000000000012;2
276;0,823;4,275;10,316;11;0,0389999999999999;-0,0389999999999997;0;1
277;1,019;4,393;10,277;10;0,196;0,117999999999999;-0,0390000000000015;-1
278;1,137;4,471;10,238;10;0,118;0,0780000000000003;-0,0389999999999997;0
279;1,137;4,471;10,198;9;0;0;-0,0399999999999991;-1
280;1,176;4,432;10,395;11;0,0389999999999999;-0,0389999999999997;0,196999999999999;2
281;1,216;4,275;10,669;9;0,04;-0,157;0,274000000000001;-2
282;1,255;4,275;11,101;11;0,0389999999999999;0;0,432;2
283;1,137;4,158;11,689;11;-0,118;-0,117;0,587999999999999;0
284;0,941;3,922;12,199;9;-0,196;-0,236;0,51;-2
285;0,745;3,569;12,748;10;-0,196;-0,353;0,548999999999999;1
286;0,706;3,334;13,101;10;-0,039;-0,235;0,353000000000002;0
287;0,549;2,981;13,258;10;-0,157;-0,353;0,156999999999998;0
288;0,392;2,824;13,062;9;-0,157;-0,157;-0,196;-1
289;0,274;2,588;12,709;10;-0,118;-0,236;-0,353;1
290;0,235;2,392;11,924;11;-0,039;-0,196;-0,785;1
291;0,745;2,471;11,101;10;0,51;0,0790000000000002;-0,822999999999999;-1
292;1,176;2,392;10,473;9;0,431;-0,0790000000000002;-0,628;-1
293;1,451;2,471;9,885;10;0,275;0,0790000000000002;-0,588000000000001;1
294;1,412;2,432;9,492;11;-0,0390000000000001;-0,0390000000000001;-0,392999999999999;1
295;1,451;2,314;8,865;10;0,0390000000000001;-0,118;-0,627000000000001;-1
296;1,608;2,392;8,786;10;0,157;0,0779999999999998;-0,0790000000000006;0
297;1,529;2,196;8,59;9;-0,0790000000000002;-0,196;-0,196;-1
298;1,372;2,0;8,472;11;-0,157;-0,196;-0,118;2
299;1,294;1,922;8,669;10;-0,0780000000000001;-0,0780000000000001;0,197000000000001;-1
300;1,255;1,843;8,825;10;-0,0390000000000001;-0,079;0,155999999999999;0
301;1,098;1,765;9,022;10;-0,157;-0,0780000000000001;0,197000000000001;0
302;0,941;1,804;8,904;10;-0,157;0,0390000000000001;-0,118;0
303;0,823;1,686;8,982;9;-0,118;-0,118;0,0779999999999994;-1
304;1,019;1,725;8,982;11;0,196;0,0390000000000001;0;2
305;1,059;1,804;8,982;10;0,04;0,079;0;-1
306;1,137;1,765;8,943;10;0,0780000000000001;-0,0390000000000001;-0,0389999999999997;0
307;1,019;1,804;8,982;12;-0,118;0,0390000000000001;0,0389999999999997;2
308;1,059;1,686;9,1;7;0,04;-0,118;0,118;-5
309;1,137;1,647;9,179;11;0,0780000000000001;-0,0389999999999999;0,0790000000000006;4
310;0,941;1,569;9,218;10;-0,196;-0,0780000000000001;0,0389999999999997;-1
311;0,98;1,608;9,022;9;0,039;0,0390000000000001;-0,196;-1
312;1,019;1,765;9,1;11;0,0389999999999999;0,157;0,0779999999999994;2
313;1,059;2,0;9,139;10;0,04;0,235;0,0389999999999997;-1
314;0,98;2,235;9,179;9;-0,079;0,235;0,0400000000000009;-1
315;1,176;2,392;9,218;10;0,196;0,157;0,0389999999999997;1
316;1,098;2,432;9,453;10;-0,0779999999999998;0,04;0,234999999999999;0
317;1,216;2,51;9,767;11;0,118;0,0779999999999998;0,314;1
318;1,137;2,51;9,963;9;-0,079;0;0,196;-2
319;0,902;2,392;10,042;11;-0,235;-0,118;0,0790000000000006;2
320;0,862;2,235;9,845;10;-0,04;-0,157;-0,196999999999999;-1
321;0,706;2,275;9,845;9;-0,156;0,04;0;-1
322;0,745;2,275;9,61;11;0,039;0;-0,235000000000001;2
323;0,862;2,432;9,139;9;0,117;0,157;-0,471;-2
324;0,98;2,628;9,218;10;0,118;0,196;0,0790000000000006;1
325;0,98;2,667;9,296;10;0;0,0389999999999997;0,0779999999999994;0
326;0,823;2,981;9,375;10;-0,157;0,314;0,0790000000000006;0
327;0,862;3,059;9,139;10;0,039;0,0780000000000003;-0,236000000000001;0
328;0,941;3,216;9,1;10;0,079;0,157;-0,0389999999999997;0
329;0,98;3,255;9,139;11;0,039;0,0389999999999997;0,0389999999999997;1
330;1,176;3,334;9,296;9;0,196;0,0790000000000002;0,157;-2
331;1,059;3,608;9,179;10;-0,117;0,274;-0,116999999999999;1
332;1,059;3,491;9,179;10;0;-0,117;0;0
333;0,98;3,491;9,179;10;-0,079;0;0;0
334;0,784;3,491;9,179;10;-0,196;0;0;0
335;0,706;3,608;9,257;11;-0,0780000000000001;0,117;0,0779999999999994;1
336;0,588;3,804;9,296;10;-0,118;0,196;0,0389999999999997;-1
337;0,784;4,079;9,571;10;0,196;0,275;0,275;0
338;0,706;4,158;9,845;9;-0,0780000000000001;0,0790000000000006;0,274000000000001;-1
339;0,549;4,079;10,002;10;-0,157;-0,0790000000000006;0,157;1
340;0,509;4,04;10,198;11;-0,04;-0,0389999999999997;0,196;1
341;0,784;4,118;10,316;10;0,275;0,0780000000000003;0,118;-1
342;0,902;4,079;10,434;9;0,118;-0,0390000000000006;0,117999999999999;-1
343;0,941;4,001;10,669;11;0,0389999999999999;-0,0779999999999994;0,235000000000001;2
344;0,862;3,844;10,865;9;-0,079;-0,157;0,196;-2
345;0,706;3,765;10,904;10;-0,156;-0,0789999999999997;0,0389999999999997;1
346;0,745;3,451;10,865;11;0,039;-0,314;-0,0389999999999997;1
347;0,862;3,53;10,787;10;0,117;0,0789999999999997;-0,0779999999999994;-1
348;1,098;3,608;10,826;9;0,236;0,0780000000000003;0,0389999999999997;-1
349;0,98;3,648;10,748;11;-0,118;0,04;-0,0780000000000012;2
350;0,862;3,648;10,865;19;-0,118;0;0,117000000000001;8
351;1,059;3,608;10,904;11;0,197;-0,04;0,0389999999999997;-8
352;1,019;3,648;11,061;9;-0,04;0,04;0,157;-2
353;0,666;3,491;11,022;10;-0,353;-0,157;-0,0389999999999997;1
354;0,588;2,941;11,414;10;-0,0780000000000001;-0,55;0,391999999999999;0
355;0,313;2,706;12,003;11;-0,275;-0,235;0,589;1
356;0,156;2,588;12,317;10;-0,157;-0,118;0,314;-1
357;-0,078;2,588;12,748;10;-0,234;0;0,430999999999999;0
358;-0,274;2,432;12,63;9;-0,196;-0,156;-0,117999999999999;-1
359;-0,509;2,235;12,434;11;-0,235;-0,197;-0,196000000000002;2
360;-0,431;2,118;11,689;10;0,078;-0,117;-0,744999999999999;-1
361;-0,039;2,079;10,904;9;0,392;-0,0389999999999997;-0,785;-1
362;0,196;2,039;10,159;10;0,235;-0,04;-0,744999999999999;1
363;0,353;2,157;9,335;11;0,157;0,118;-0,824;1
364;0,549;2,314;8,825;10;0,196;0,157;-0,510000000000002;-1
365;0,666;2,392;8,512;10;0,117;0,0779999999999998;-0,312999999999999;0
366;0,745;2,588;8,355;9;0,079;0,196;-0,157;-1
367;0,666;2,785;8,355;11;-0,079;0,197;0;2
368;0,627;2,785;8,433;9;-0,039;0;0,0779999999999994;-2
369;0,588;2,824;8,551;11;-0,039;0,0389999999999997;0,118;2
370;0,353;2,863;8,747;10;-0,235;0,0390000000000001;0,196;-1
371;0,078;2,745;8,904;9;-0,275;-0,118;0,157;-1
372;-0,117;2,51;9,139;10;-0,195;-0,235;0,234999999999999;1
373;-0,196;2,549;9,139;11;-0,079;0,0390000000000001;0;1
374;-0,078;2,353;9,335;9;0,118;-0,196;0,196000000000002;-2
375;-0,078;2,275;9,571;11;0;-0,0780000000000003;0,235999999999999;2
376;-0,039;2,157;9,885;9;0,039;-0,118;0,314;-2
377;-0,039;2,039;10,081;11;0;-0,118;0,196;2
378;0,0;2,0;10,198;10;0,039;-0,0390000000000001;0,117000000000001;-1
379;0,039;2,039;10,12;10;0,039;0,0390000000000001;-0,0780000000000012;0
380;0,313;2,118;10,198;9;0,274;0,0789999999999997;0,0780000000000012;-1
381;0,509;2,118;10,198;11;0,196;0;0;2
382;0,588;2,235;10,12;10;0,079;0,117;-0,0780000000000012;-1
383;0,706;2,196;10,042;9;0,118;-0,0389999999999997;-0,0779999999999994;-1
384;0,666;2,196;9,688;11;-0,0399999999999999;0;-0,353999999999999;2
385;0,706;2,157;9,453;10;0,0399999999999999;-0,0390000000000001;-0,235000000000001;-1
386;0,745;2,157;9,179;9;0,039;0;-0,273999999999999;-1
387;0,745;2,196;8,943;11;0;0,0390000000000001;-0,236000000000001;2
388;0,627;2,196;8,708;9;-0,118;0;-0,234999999999999;-2
389;0,666;2,392;8,629;11;0,039;0,196;-0,0790000000000006;2
390;0,47;2,549;8,865;9;-0,196;0,157;0,236000000000001;-2
391;0,431;2,824;8,943;11;-0,039;0,275;0,0779999999999994;2
392;0,353;2,981;9,1;10;-0,078;0,157;0,157;-1
393;0,313;2,981;9,139;10;-0,04;0;0,0389999999999997;0
394;0,47;2,981;9,257;10;0,157;0;0,118;0
395;0,47;2,941;9,218;10;0;-0,04;-0,0389999999999997;0
396;0,47;2,824;9,179;10;0;-0,117;-0,0389999999999997;0
397;0,509;2,785;9,179;10;0,039;-0,0389999999999997;0;0
398;0,588;2,863;9,139;10;0,079;0,0779999999999998;-0,0400000000000009;0
399;0,706;2,785;9,257;10;0,118;-0,0779999999999998;0,118;0
400;0,627;2,863;9,335;10;-0,079;0,0779999999999998;0,0780000000000012;0
401;0,431;2,824;9,571;10;-0,196;-0,0390000000000001;0,235999999999999;0
402;0,392;2,824;9,728;9;-0,039;0;0,157;-1
403;0,313;2,981;9,924;10;-0,079;0,157;0,196;1
404;0,235;3,138;10,12;10;-0,078;0,157;0,196;0
405;0,039;3,177;10,198;11;-0,196;0,0390000000000001;0,0780000000000012;1
406;0,0;3,216;10,277;10;-0,039;0,0390000000000001;0,0789999999999988;-1
407;-0,156;3,177;10,277;9;-0,156;-0,0390000000000001;0;-1
408;0,0;3,255;10,198;11;0,156;0,0779999999999998;-0,0789999999999988;2
409;0,117;3,255;10,002;12;0,117;0;-0,196;1
410;0,196;3,295;9,806;8;0,079;0,04;-0,196000000000002;-4
411;0,196;3,295;9,649;10;0;0;-0,157;2
412;0,313;3,373;9,571;10;0,117;0,0780000000000003;-0,0779999999999994;0
413;0,353;3,491;9,492;10;0,04;0,118;-0,0789999999999988;0
414;0,47;3,648;9,453;10;0,117;0,157;-0,0390000000000015;0
415;0,666;3,844;9,414;9;0,196;0,196;-0,0389999999999997;-1
416;0,745;3,765;9,571;11;0,079;-0,0789999999999997;0,157;2
417;0,902;3,648;9,61;10;0,157;-0,117;0,0389999999999997;-1
418;0,98;3,608;9,688;9;0,078;-0,04;0,0780000000000012;-1
419;0,98;3,648;9,767;10;0;0,04;0,0789999999999988;1
420;1,019;3,726;9,688;11;0,0389999999999999;0,0779999999999998;-0,0789999999999988;1
421;1,059;3,883;9,728;9;0,04;0,157;0,0399999999999991;-2
422;1,137;3,883;9,688;10;0,0780000000000001;0;-0,0399999999999991;1
423;0,98;3,804;9,845;10;-0,157;-0,0790000000000002;0,157;0
424;1,412;4,001;10,12;11;0,432;0,197000000000001;0,274999999999999;1
425;1,333;4,04;10,12;10;-0,079;0,0389999999999997;0;-1
426;1,647;4,236;10,159;10;0,314;0,196;0,0390000000000015;0
427;1,804;4,118;10,434;10;0,157;-0,117999999999999;0,274999999999999;0
428;1,725;4,001;10,708;10;-0,079;-0,117;0,274000000000001;0
429;1,294;3,726;10,787;9;-0,431;-0,275;0,0790000000000006;-1
430;1,255;3,53;11,179;10;-0,0390000000000001;-0,196;0,391999999999999;1
431;1,372;3,098;11,532;11;0,117;-0,432;0,353;1
432;1,216;3,02;12,199;10;-0,156;-0,0779999999999998;0,667;-1
433;0,745;2,745;12,591;9;-0,471;-0,275;0,391999999999999;-1
434;0,588;2,51;12,748;11;-0,157;-0,235;0,157;2
435;0,392;2,118;12,474;9;-0,196;-0,392;-0,273999999999999;-2
436;0,431;1,882;12,003;11;0,039;-0,236;-0,471;2
437;0,98;1,647;11,218;10;0,549;-0,235;-0,785;-1
438;1,176;1,451;10,551;9;0,196;-0,196;-0,667;-1
439;1,529;1,529;9,885;11;0,353;0,0779999999999998;-0,666;2
440;1,882;1,569;9,571;10;0,353;0,04;-0,314;-1
441;2,079;1,725;9,453;9;0,197;0,156;-0,118;-1
442;2,157;1,765;9,492;11;0,0779999999999998;0,0399999999999998;0,0390000000000015;2
443;1,843;1,765;9,688;9;-0,314;0;0,196;-2
444;1,529;1,843;10,042;11;-0,314;0,0780000000000001;0,353999999999999;2
445;1,372;1,686;10,238;10;-0,157;-0,157;0,196;-1
446;1,372;1,49;10,316;10;0;-0,196;0,0780000000000012;0
447;1,137;1,451;10,316;9;-0,235;-0,0389999999999999;0;-1
448;1,059;1,255;10,081;10;-0,0780000000000001;-0,196;-0,235000000000001;1
449;1,059;1,176;10,002;11;0;-0,079;-0,0789999999999988;1
450;1,137;1,255;9,885;10;0,0780000000000001;0,079;-0,117000000000001;-1
451;1,059;1,451;9,885;9;-0,0780000000000001;0,196;0;-1
452;0,941;1,608;9,806;10;-0,118;0,157;-0,0790000000000006;1
453;0,666;1,725;9,728;11;-0,275;0,117;-0,0779999999999994;1
454;0,627;2,0;9,571;9;-0,039;0,275;-0,157;-2
455;0,666;2,0;9,375;10;0,039;0;-0,196;1
456;0,706;2,0;9,179;11;0,0399999999999999;0;-0,196;1
457;0,823;2,157;8,904;9;0,117;0,157;-0,275;-2
458;0,862;2,275;8,708;10;0,039;0,118;-0,196;1
459;0,902;2,235;8,551;11;0,04;-0,04;-0,157;1
460;0,706;2,157;8,355;10;-0,196;-0,0779999999999998;-0,196;-1
461;0,549;2,0;8,316;10;-0,157;-0,157;-0,0389999999999997;0
462;0,627;2,275;8,59;10;0,078;0,275;0,273999999999999;0
463;0,588;2,588;8,669;9;-0,039;0,313;0,0790000000000006;-1
464;0,47;2,824;9,061;11;-0,118;0,236;0,391999999999999;2
465;0,392;2,863;9,375;10;-0,078;0,0390000000000001;0,314;-1
466;0,117;2,785;9,532;10;-0,275;-0,0779999999999998;0,157;0
467;0,274;2,785;9,767;10;0,157;0;0,234999999999999;0
468;0,431;2,667;9,728;10;0,157;-0,118;-0,0389999999999997;0
469;0,47;2,588;9,688;9;0,039;-0,0789999999999997;-0,0399999999999991;-1
470;0,313;2,51;9,571;11;-0,157;-0,0780000000000003;-0,117000000000001;2
471;0,274;2,588;9,335;10;-0,039;0,0780000000000003;-0,235999999999999;-1
472;0,431;2,706;9,179;10;0,157;0,118;-0,156000000000001;0
473;0,588;2,824;9,061;10;0,157;0,118;-0,118;0
474;0,666;2,902;9,061;10;0,0780000000000001;0,0780000000000003;0;0
475;0,627;3,138;9,218;10;-0,039;0,236;0,157;0
476;0,549;3,177;9,257;10;-0,078;0,0390000000000001;0,0389999999999997;0
477;0,47;3,295;9,375;9;-0,0790000000000001;0,118;0,118;-1
478;0,392;3,451;9,649;11;-0,078;0,156;0,273999999999999;2
479;0,313;3,53;9,963;10;-0,079;0,0789999999999997;0,314;-1
480;0,117;3,648;10,198;9;-0,196;0,118;0,235000000000001;-1
481;0,156;3,883;10,355;11;0,039;0,235;0,157;2
482;0,117;3,883;10,669;9;-0,039;0;0,314;-2
483;0,235;3,883;10,865;11;0,118;0;0,196;2
484;0,196;3,726;11,061;10;-0,039;-0,157;0,196;-1
485;0,196;3,569;11,375;9;0;-0,157;0,314;-1
486;0,039;3,451;11,65;11;-0,157;-0,118;0,275;2
487;0,039;3,491;11,454;10;0;0,04;-0,196;-1
488;0,156;3,569;11,258;9;0,117;0,0779999999999998;-0,196000000000002;-1
489;0,313;3,53;11,022;11;0,157;-0,0390000000000001;-0,235999999999999;2
490;0,313;3,569;10,748;10;0;0,0390000000000001;-0,274000000000001;-1
491;0,509;3,648;10,63;10;0,196;0,0790000000000002;-0,117999999999999;0
492;0,784;3,804;10,748;10;0,275;0,156;0,117999999999999;0
493;0,862;3,608;11,061;10;0,078;-0,196;0,313000000000001;0
494;0,549;3,412;11,297;10;-0,313;-0,196;0,236000000000001;0
495;0,078;3,059;11,728;9;-0,471;-0,353;0,430999999999999;-1
496;-0,196;2,941;12,081;11;-0,274;-0,118;0,353;2
497;-0,313;3,138;12,395;10;-0,117;0,197;0,314;-1
498;-0,706;3,02;12,513;10;-0,393;-0,118;0,118;0
499;-1,137;2,902;12,317;10;-0,431;-0,118;-0,196;0
500;-1,255;2,706;11,885;11;-0,118;-0,196;-0,432;1
501;-0,902;2,588;11,218;9;0,353;-0,118;-0,667;-2
502;-0,549;2,706;10,551;10;0,353;0,118;-0,667;1
503;-0,47;2,785;9,924;10;0,0790000000000001;0,0790000000000002;-0,627000000000001;0
504;-0,353;2,941;9,414;10;0,117;0,156;-0,51;0
505;-0,156;2,981;8,825;10;0,197;0,04;-0,589;0
506;0,117;3,02;8,394;10;0,273;0,0390000000000001;-0,430999999999999;0
507;0,353;3,138;8,08;9;0,236;0,118;-0,314;-1
508;0,588;3,138;8,002;11;0,235;0;-0,0779999999999994;2
509;0,431;3,02;7,963;9;-0,157;-0,118;-0,0390000000000006;-2
510;0,156;3,138;7,884;10;-0,275;0,118;-0,0789999999999997;1
511;0,0;3,138;8,316;10;-0,156;0;0,432;0
512;0,0;3,255;8,629;10;0;0,117;0,312999999999999;0
513;0,0;3,216;9,1;11;0;-0,0389999999999997;0,471;1
514;-0,078;2,863;9,532;10;-0,078;-0,353;0,432;-1
515;-0,274;2,588;10,042;10;-0,196;-0,275;0,51;0
516;-0,353;2,353;10,395;10;-0,079;-0,235;0,353;0
517;-0,353;2,51;10,787;10;0;0,157;0,392000000000001;0
518;-0,353;2,549;10,944;10;0;0,0390000000000001;0,157;0
519;-0,392;2,471;10,748;10;-0,039;-0,0779999999999998;-0,196000000000002;0
520;-0,078;2,628;10,277;10;0,314;0,157;-0,471;0
521;0,156;2,628;9,806;10;0,234;0;-0,471;0
522;0,431;2,785;9,414;9;0,275;0,157;-0,391999999999999;-1
523;0,313;2,824;8,669;11;-0,118;0,0389999999999997;-0,744999999999999;2
524;0,706;2,824;8,159;9;0,393;0;-0,51;-2
525;1,019;2,981;8,002;10;0,313;0,157;-0,157;1
526;1,294;3,177;7,845;11;0,275;0,196;-0,157000000000001;1
527;1,333;3,373;8,316;9;0,0389999999999999;0,196;0,471000000000001;-2
528;1,412;3,412;8,198;10;0,079;0,0389999999999997;-0,118;1
529;1,137;3,451;8,512;10;-0,275;0,0390000000000001;0,314;0
530;0,666;3,373;8,551;11;-0,471;-0,0779999999999998;0,0389999999999997;1
531;0,588;3,451;8,472;10;-0,0780000000000001;0,0779999999999998;-0,0790000000000006;-1
532;0,627;3,216;8,708;10;0,039;-0,235;0,236000000000001;0
533;0,941;3,295;8,629;9;0,314;0,0789999999999997;-0,0790000000000006;-1
534;0,941;3,177;8,865;11;0;-0,118;0,236000000000001;2
535;0,627;3,02;8,943;9;-0,314;-0,157;0,0779999999999994;-2
536;0,47;2,941;8,59;11;-0,157;-0,0790000000000002;-0,353;2
537;0,509;3,098;8,59;9;0,039;0,157;0;-2
538;0,588;3,569;8,904;11;0,079;0,471;0,314;2
539;0,588;4,079;9,061;10;0;0,51;0,157;-1
540;0,588;4,275;9,414;10;0;0,196000000000001;0,353;0
541;0,509;4,079;9,453;10;-0,079;-0,196000000000001;0,0389999999999997;0
542;0,313;3,961;9,492;9;-0,196;-0,118;0,0390000000000015;-1
543;0,196;3,765;9,296;11;-0,117;-0,196;-0,196000000000002;2
544;0,274;3,765;9,061;10;0,078;0;-0,234999999999999;-1
545;0,353;3,844;8,825;9;0,079;0,0789999999999997;-0,236000000000001;-1
546;0,549;4,079;8,472;11;0,196;0,235;-0,353;2
547;0,941;4,55;8,59;9;0,392;0,471;0,118;-2
548;1,451;4,903;8,825;10;0,51;0,353;0,234999999999999;1
549;1,412;5,021;9,296;11;-0,0390000000000001;0,118;0,471;1
550;1,216;5,138;9,767;10;-0,196;0,117;0,471;-1
551;0,902;4,942;10,12;9;-0,314;-0,196;0,353;-1
552;0,549;4,589;10,355;10;-0,353;-0,353;0,235000000000001;1
553;0,666;4,314;10,63;11;0,117;-0,275;0,275;1
554;0,902;4,158;10,669;10;0,236;-0,156;0,0389999999999997;-1
555;1,019;3,883;10,944;9;0,117;-0,275;0,275;-1
556;0,862;3,961;11,101;11;-0,157;0,0779999999999998;0,157;2
557;0,745;4,236;11,179;10;-0,117;0,275;0,0779999999999994;-1
558;0,784;4,393;11,179;9;0,039;0,157;0;-1
559;1,019;4,511;11,022;11;0,235;0,118;-0,157;2
560;1,412;4,667;11,14;10;0,393;0,156;0,118;-1
561;1,372;4,589;11,101;10;-0,0399999999999998;-0,0779999999999994;-0,0389999999999997;0
562;1,098;4,354;11,218;9;-0,274;-0,235;0,116999999999999;-1
563;0,98;3,765;11,375;10;-0,118;-0,589;0,157;1
564;0,784;3,177;11,375;10;-0,196;-0,588;0;0
565;0,745;2,157;11,571;11;-0,039;-1,02;0,196;1
566;1,059;1,451;11,728;10;0,314;-0,706;0,157;-1
567;0,941;1,137;11,846;9;-0,118;-0,314;0,118;-1
568;0,666;0,509;11,807;11;-0,275;-0,628;-0,0389999999999997;2
569;0,156;0,392;11,611;9;-0,51;-0,117;-0,196;-2
570;0,313;0,47;11,414;10;0,157;0,078;-0,197000000000001;1
571;0,627;0,745;11,258;11;0,314;0,275;-0,156000000000001;1
572;0,941;1,176;11,179;9;0,314;0,431;-0,0789999999999988;-2
573;0,941;1,569;10,904;11;0;0,393;-0,275;2
574;0,941;1,608;10,551;9;0;0,0390000000000001;-0,353;-2
575;1,059;1,372;10,316;10;0,118;-0,236;-0,234999999999999;1
576;0,862;1,059;10,042;11;-0,197;-0,313;-0,274000000000001;1
577;0,941;0,862;9,924;9;0,079;-0,197;-0,118;-2
578;1,019;0,706;9,924;10;0,078;-0,156;0;1
579;0,98;0,627;10,159;11;-0,0389999999999999;-0,079;0,235000000000001;1
580;0,98;0,745;10,12;10;0;0,118;-0,0390000000000015;-1
581;1,019;1,098;9,924;9;0,0389999999999999;0,353;-0,196;-1
582;1,019;1,372;9,845;11;0;0,274;-0,0789999999999988;2
583;0,902;1,725;9,688;10;-0,117;0,353;-0,157;-1
584;0,823;1,961;9,414;10;-0,0790000000000001;0,236;-0,274000000000001;0
585;0,666;2,039;8,982;10;-0,157;0,0780000000000001;-0,432;0
586;0,706;2,275;8,708;9;0,0399999999999999;0,236;-0,273999999999999;-1
587;0,745;2,471;8,472;10;0,039;0,196;-0,236000000000001;1
588;0,627;2,667;8,472;11;-0,118;0,196;0;1
589;0,588;2,941;8,59;10;-0,039;0,274;0,118;-1
590;0,392;3,138;8,669;9;-0,196;0,197;0,0790000000000006;-1
591;0,117;3,216;8,825;11;-0,275;0,0780000000000003;0,155999999999999;2
592;0,156;3,295;8,943;9;0,039;0,0789999999999997;0,118;-2
593;0,0;3,412;9,061;10;-0,156;0,117;0,118;1
594;-0,078;3,491;9,022;11;-0,078;0,0790000000000002;-0,0389999999999997;1
595;-0,039;3,491;8,982;10;0,039;0;-0,0400000000000009;-1
596;0,0;3,295;8,865;10;0,039;-0,196;-0,116999999999999;0
597;0,196;3,334;8,669;10;0,196;0,0390000000000001;-0,196;0
598;0,274;3,255;8,551;10;0,078;-0,0790000000000002;-0,118;0
599;0,431;3,177;8,472;10;0,157;-0,0779999999999998;-0,0790000000000006;0
600;0,47;3,138;8,551;10;0,039;-0,0390000000000001;0,0790000000000006;0
601;0,509;3,138;8,669;10;0,039;0;0,118;0
602;0,549;3,177;8,59;11;0,04;0,0390000000000001;-0,0790000000000006;1
603;0,431;3,098;8,669;9;-0,118;-0,0790000000000002;0,0790000000000006;-2
604;0,431;2,981;8,629;10;0;-0,117;-0,0400000000000009;1
605;0,353;3,255;8,472;10;-0,078;0,274;-0,157;0
606;0,274;3,334;8,59;10;-0,079;0,0790000000000002;0,118;0
607;0,156;3,373;8,669;9;-0,118;0,0390000000000001;0,0790000000000006;-1
608;0,0;3,569;8,825;10;-0,156;0,196;0,155999999999999;1
609;-0,039;3,687;9,061;11;-0,039;0,118;0,236000000000001;1
610;0,156;4,001;9,218;9;0,195;0,314000000000001;0,157;-2
611;0,196;4,236;9,375;11;0,04;0,234999999999999;0,157;2
612;0,078;4,197;9,414;10;-0,118;-0,0389999999999997;0,0389999999999997;-1
613;0,0;4,197;9,571;9;-0,078;0;0,157;-1
614;-0,039;4,197;9,571;11;-0,039;0;0;2
615;0,0;4,314;9,61;9;0,039;0,117;0,0389999999999997;-2
616;-0,078;4,471;9,767;11;-0,078;0,157;0,157;2
617;-0,039;4,628;9,806;9;0,039;0,157;0,0389999999999997;-2
618;-0,196;4,824;9,924;10;-0,157;0,196;0,118;1
619;-0,235;4,942;9,806;11;-0,039;0,118;-0,118;1
620;-0,117;4,903;9,728;10;0,118;-0,0390000000000006;-0,0779999999999994;-1
621;0,0;5,021;9,61;10;0,117;0,118;-0,118;0
622;0,078;5,06;9,806;11;0,078;0,0389999999999997;0,196;1
623;0,235;4,981;9,767;8;0,157;-0,0789999999999997;-0,0389999999999997;-3
624;0,353;4,707;10,002;10;0,118;-0,274;0,235000000000001;2
625;0,549;4,589;10,12;10;0,196;-0,117999999999999;0,117999999999999;0
626;0,862;4,628;10,277;11;0,313;0,0389999999999997;0,157;1
627;0,745;4,628;10,591;9;-0,117;0;0,314;-2
628;0,745;4,393;10,983;10;0;-0,235;0,392000000000001;1
629;0,666;4,079;11,767;10;-0,079;-0,314;0,783999999999999;0
630;0,274;3,373;11,689;10;-0,392;-0,706;-0,0779999999999994;0
631;-0,078;2,902;12,67;11;-0,352;-0,471;0,981;1
632;-1,216;2,863;14,317;11;-1,138;-0,0390000000000001;1,647;0
633;-1,961;2,314;14,239;18;-0,745;-0,549;-0,0779999999999994;7
634;-2,392;1,765;13,611;10;-0,431;-0,549;-0,628;-8
635;-2,196;1,333;12,984;10;0,196;-0,432;-0,627000000000001;0
636;-1,49;1,019;12,081;11;0,706;-0,314;-0,903;1
637;-0,706;1,176;10,512;10;0,784;0,157;-1,569;-1
638;0,156;1,49;9,532;9;0,862;0,314;-0,98;-1
639;0,627;1,843;8,904;11;0,471;0,353;-0,628;2
640;1,059;2,235;8,394;10;0,432;0,392;-0,51;-1
641;1,333;2,549;8,041;11;0,274;0,314;-0,353;1
642;1,49;2,706;8,276;9;0,157;0,157;0,234999999999999;-2
643;1,294;3,059;8,512;10;-0,196;0,353;0,236000000000001;1
644;0,784;3,138;8,786;9;-0,51;0,0789999999999997;0,273999999999999;-1
645;0,392;3,177;9,296;11;-0,392;0,0390000000000001;0,51;2
646;0,039;2,902;9,728;9;-0,353;-0,275;0,432;-2
647;-0,274;2,706;10,081;11;-0,313;-0,196;0,353;2
648;-0,588;2,432;10,355;9;-0,314;-0,274;0,274000000000001;-2
649;-0,745;2,157;10,434;11;-0,157;-0,275;0,0789999999999988;2
650;-0,784;2,157;10,591;9;-0,039;0;0,157;-2
651;-0,588;2,196;10,551;11;0,196;0,0390000000000001;-0,0399999999999991;2
652;-0,274;2,235;10,198;10;0,314;0,0389999999999997;-0,353;-1
653;0,0;2,235;10,042;10;0,274;0;-0,156000000000001;0
654;0,078;2,196;9,532;10;0,078;-0,0389999999999997;-0,51;0
655;0,156;2,079;9,022;9;0,078;-0,117;-0,51;-1
656;0,156;2,118;8,551;11;0;0,0389999999999997;-0,471;2
657;0,509;2,353;8,198;10;0,353;0,235;-0,353;-1
658;0,549;2,471;7,806;10;0,04;0,118;-0,392;0
659;0,666;2,471;7,492;10;0,117;0;-0,314;0
660;0,745;2,628;7,413;9;0,079;0,157;-0,0789999999999997;-1
661;0,784;2,902;7,413;11;0,039;0,274;0;2
662;0,823;3,098;7,649;10;0,0389999999999999;0,196;0,236;-1
663;0,745;3,255;7,923;10;-0,078;0,157;0,274;0
664;0,392;3,295;8,276;9;-0,353;0,04;0,353;-1
665;0,156;3,255;8,551;11;-0,236;-0,04;0,275;2
666;0,039;3,334;8,747;10;-0,117;0,0790000000000002;0,196;-1
667;0,117;3,334;8,865;10;0,078;0;0,118;0
668;0,117;3,334;9,022;10;0;0;0,157;0
669;0,117;3,451;9,022;10;0;0,117;0;0
670;0,117;3,687;8,904;10;0;0,236;-0,118;0
671;0,078;3,922;8,904;10;-0,039;0,235;0;0
672;0,117;4,118;8,825;10;0,039;0,196;-0,0790000000000006;0
673;0,274;4,236;8,786;10;0,157;0,117999999999999;-0,0389999999999997;0
674;0,274;4,511;8,551;9;0;0,275;-0,234999999999999;-1
675;0,509;4,628;8,59;11;0,235;0,117;0,0389999999999997;2
676;0,549;4,628;8,551;10;0,04;0;-0,0389999999999997;-1
677;0,823;4,903;8,629;9;0,274;0,274999999999999;0,0779999999999994;-1
678;0,902;4,942;8,669;10;0,0790000000000001;0,0390000000000006;0,0400000000000009;1
679;1,216;5,099;8,982;10;0,314;0,157;0,312999999999999;0
680;1,372;5,138;9,492;10;0,156;0,0389999999999997;0,510000000000002;0
681;1,294;5,256;9,885;11;-0,0780000000000001;0,118;0,392999999999999;1
682;1,019;5,099;10,355;10;-0,275;-0,157;0,470000000000001;-1
683;0,784;4,942;10,708;10;-0,235;-0,157;0,353;0
684;0,706;4,981;10,944;9;-0,0780000000000001;0,0389999999999997;0,236000000000001;-1
685;0,862;5,021;11,14;11;0,156;0,04;0,196;2
686;0,902;4,864;11,218;10;0,04;-0,157;0,0779999999999994;-1
687;0,941;4,942;10,865;9;0,0389999999999999;0,0780000000000003;-0,353;-1
688;0,98;4,903;10,708;11;0,039;-0,0390000000000006;-0,157;2
689;1,294;5,138;10,551;9;0,314;0,235;-0,157;-2
690;1,412;5,138;10,708;10;0,118;0;0,157;1
691;1,294;5,021;10,787;10;-0,118;-0,117;0,0790000000000006;0
692;1,137;4,746;11,061;11;-0,157;-0,274999999999999;0,273999999999999;1
693;1,019;4,628;11,532;9;-0,118;-0,118;0,471;-2
694;0,862;4,236;11,964;10;-0,157;-0,392;0,432;1
695;0,745;3,922;12,474;11;-0,117;-0,314;0,51;1
696;0,666;3,53;12,591;10;-0,079;-0,392;0,116999999999999;-1
697;0,392;3,059;12,748;9;-0,274;-0,471;0,157;-1
698;0,039;2,628;12,474;11;-0,353;-0,431;-0,273999999999999;2
699;-0,156;2,275;11,964;10;-0,195;-0,353;-0,51;-1
700;0,078;2,314;11,414;10;0,234;0,0390000000000001;-0,550000000000001;0
701;0,627;2,353;10,865;10;0,549;0,0390000000000001;-0,548999999999999;0
702;0,941;2,471;10,238;9;0,314;0,118;-0,627000000000001;-1
703;1,098;2,471;9,845;11;0,157;0;-0,392999999999999;2
704;1,255;2,51;9,571;10;0,157;0,0389999999999997;-0,274000000000001;-1
705;1,529;2,549;9,492;10;0,274;0,0390000000000001;-0,0789999999999988;0
706;1,451;2,432;9,571;9;-0,0779999999999998;-0,117;0,0789999999999988;-1
707;1,255;2,353;9,571;11;-0,196;-0,0789999999999997;0;2
708;0,98;2,118;9,492;10;-0,275;-0,235;-0,0789999999999988;-1
709;0,941;2,039;9,688;9;-0,039;-0,0789999999999997;0,196;-1
710;0,941;2,157;9,806;11;0;0,118;0,117999999999999;2
711;0,98;2,157;9,963;10;0,039;0;0,157;-1
712;0,98;2,157;9,845;9;0;0;-0,117999999999999;-1
713;0,98;2,275;9,845;11;0;0,118;0;2
714;0,902;2,353;9,767;10;-0,078;0,0780000000000003;-0,0780000000000012;-1
715;0,823;2,275;9,806;9;-0,0790000000000001;-0,0780000000000003;0,0389999999999997;-1
716;0,745;2,275;9,532;11;-0,078;0;-0,273999999999999;2
717;0,666;2,353;9,688;10;-0,079;0,0780000000000003;0,156000000000001;-1
718;0,549;2,353;9,728;9;-0,117;0;0,0399999999999991;-1
719;0,392;2,353;9,728;11;-0,157;0;0;2
720;0,313;2,51;9,61;10;-0,079;0,157;-0,118;-1
721;0,392;2,667;9,571;10;0,079;0,157;-0,0389999999999997;0
722;0,392;2,706;9,335;9;0;0,0390000000000001;-0,235999999999999;-1
723;0,274;2,667;9,139;11;-0,118;-0,0390000000000001;-0,196000000000002;2
724;0,196;2,549;8,786;9;-0,078;-0,118;-0,353;-2
725;0,117;2,392;8,512;11;-0,079;-0,157;-0,273999999999999;2
726;0,156;2,588;8,316;9;0,039;0,196;-0,196;-2
727;0,156;2,471;8,237;11;0;-0,117;-0,0790000000000006;2
728;0,235;2,549;7,884;10;0,079;0,0779999999999998;-0,353;-1
729;0,274;2,549;8,119;10;0,039;0;0,234999999999999;0
730;0,509;2,549;7,923;10;0,235;0;-0,196;0
731;0,666;2,667;7,806;10;0,157;0,118;-0,117;0
732;0,666;2,824;7,727;9;0;0,157;-0,0789999999999997;-1
733;0,627;2,981;7,727;10;-0,039;0,157;0;1
734;0,47;3,098;7,766;10;-0,157;0,117;0,0389999999999997;0
735;0,588;3,216;7,688;11;0,118;0,118;-0,0780000000000003;1
736;0,706;3,295;7,766;9;0,118;0,0789999999999997;0,0780000000000003;-2
737;0,627;3,648;7,923;11;-0,079;0,353;0,157;2
738;0,627;3,412;8,394;10;0;-0,236;0,471;-1
739;0,588;3,412;8,433;10;-0,039;0;0,0389999999999997;0
740;0,706;3,491;9,022;10;0,118;0,0790000000000002;0,589;0
741;0,627;3,765;9,179;10;-0,079;0,274;0,157;0
742;0,509;3,922;9,218;9;-0,118;0,157;0,0389999999999997;-1
743;0,313;4,079;9,453;11;-0,196;0,157;0,234999999999999;2
744;0,353;4,314;9,414;10;0,04;0,235;-0,0389999999999997;-1
745;0,274;4,589;9,571;10;-0,079;0,275;0,157;0
746;0,549;4,864;9,767;9;0,275;0,274999999999999;0,196;-1
747;0,47;4,942;9,963;11;-0,0790000000000001;0,0780000000000003;0,196;2
748;0,392;4,864;10,159;9;-0,078;-0,0780000000000003;0,196000000000002;-2
749;0,156;4,55;10,395;11;-0,236;-0,314;0,235999999999999;2
750;0,117;4,314;10,434;10;-0,039;-0,236;0,0389999999999997;-1
751;0,078;4,236;10,669;10;-0,039;-0,0780000000000003;0,235000000000001;0
752;0,196;4,118;10,983;9;0,118;-0,117999999999999;0,314;-1
753;0,039;4,04;10,944;10;-0,157;-0,0780000000000003;-0,0389999999999997;1
754;0,039;4,118;10,944;11;0;0,0780000000000003;0;1
755;0,078;4,197;10,787;10;0,039;0,0789999999999997;-0,157;-1
756;0,117;4,197;10,473;10;0,039;0;-0,314;0
757;0,235;4,158;10,395;9;0,118;-0,0389999999999997;-0,0780000000000012;-1
758;0,078;4,197;10,238;11;-0,157;0,0389999999999997;-0,157;2
759;0,078;4,158;9,924;10;0;-0,0389999999999997;-0,314;-1
760;0,156;4,118;9,845;10;0,078;-0,04;-0,0789999999999988;0
761;0,235;4,079;10,081;10;0,079;-0,0390000000000006;0,235999999999999;0
762;0,235;4,04;10,316;9;0;-0,0389999999999997;0,235000000000001;-1
763;0,0;3,765;10,826;11;-0,235;-0,275;0,51;2
764;-0,509;3,412;11,414;10;-0,509;-0,353;0,587999999999999;-1
765;-0,902;3,059;11,964;9;-0,393;-0,353;0,550000000000001;-1
766;-1,019;2,902;12,121;11;-0,117;-0,157;0,157;2
767;-1,333;2,785;12,003;10;-0,314;-0,117;-0,118;-1
768;-1,451;2,471;11,414;9;-0,118;-0,314;-0,589;-1
769;-1,098;2,314;10,787;11;0,353;-0,157;-0,626999999999999;2
770;-0,666;2,588;10,198;10;0,432;0,274;-0,589;-1
771;-0,509;3,02;9,649;9;0,157;0,432;-0,549000000000001;-1
772;-0,274;3,177;9,179;11;0,235;0,157;-0,469999999999999;2
773;-0,039;3,255;8,786;10;0,235;0,0779999999999998;-0,393000000000001;-1
774;0,313;3,373;8,629;10;0,352;0,118;-0,157;0
775;0,313;3,295;8,904;9;0;-0,0780000000000003;0,275;-1
776;0,078;3,216;9,179;10;-0,235;-0,0789999999999997;0,275;1
777;-0,235;3,138;9,414;11;-0,313;-0,0780000000000003;0,234999999999999;1
778;-0,509;3,098;9,728;10;-0,274;-0,04;0,314;-1
779;-0,745;3,216;10,081;10;-0,236;0,118;0,353;0
780;-0,823;3,177;10,355;10;-0,078;-0,0390000000000001;0,274000000000001;0
781;-0,98;3,177;10,669;10;-0,157;0;0,314;0
782;-0,902;2,785;10,551;10;0,078;-0,392;-0,118;0
783;-0,784;2,628;10,748;10;0,118;-0,157;0,196999999999999;0
784;-0,47;2,667;10,395;10;0,314;0,0389999999999997;-0,353;0
785;-0,196;2,745;10,238;10;0,274;0,0780000000000003;-0,157;0
786;0,078;2,706;9,688;9;0,274;-0,0390000000000001;-0,549999999999999;-1
787;0,196;2,745;9,257;10;0,118;0,0390000000000001;-0,431000000000001;1
788;0,235;2,706;8,669;10;0,039;-0,0390000000000001;-0,587999999999999;0
789;0,431;2,785;8,198;10;0,196;0,0790000000000002;-0,471;0
790;0,666;3,02;8,041;11;0,235;0,235;-0,157;1
791;0,902;3,138;7,963;10;0,236;0,118;-0,0780000000000003;-1
792;0,784;3,098;8,041;9;-0,118;-0,04;0,0780000000000003;-1
793;0,549;3,02;8,119;11;-0,235;-0,0779999999999998;0,0779999999999994;2
794;0,274;3,098;8,394;9;-0,275;0,0779999999999998;0,275;-2
795;0,235;3,295;8,59;10;-0,039;0,197;0,196;1
796;0,274;3,373;8,708;10;0,039;0,0780000000000003;0,118;0
797;0,313;3,373;8,825;10;0,039;0;0,116999999999999;0
798;0,274;3,334;8,825;11;-0,039;-0,0390000000000001;0;1
799;0,431;3,334;8,865;9;0,157;0;0,0400000000000009;-2
800;0,588;3,373;8,943;11;0,157;0,0390000000000001;0,0779999999999994;2
801;0,47;3,451;9,022;9;-0,118;0,0779999999999998;0,0790000000000006;-2
802;0,392;3,451;9,375;10;-0,078;0;0,353;1
803;0,392;3,726;9,492;10;0;0,275;0,117000000000001;0
804;0,235;3,844;9,688;11;-0,157;0,118;0,196;1
805;0,196;3,687;9,728;10;-0,039;-0,157;0,0399999999999991;-1
806;0,235;3,765;9,688;9;0,039;0,0780000000000003;-0,0399999999999991;-1
807;0,549;3,53;9,767;11;0,314;-0,235;0,0789999999999988;2
808;0,588;3,412;9,806;10;0,0389999999999999;-0,118;0,0389999999999997;-1
809;0,706;3,53;9,728;9;0,118;0,118;-0,0779999999999994;-1
810;0,823;3,687;9,767;11;0,117;0,157;0,0389999999999997;2
811;0,745;3,765;9,532;10;-0,078;0,0780000000000003;-0,234999999999999;-1
812;0,902;3,961;9,453;9;0,157;0,196;-0,0790000000000006;-1
813;0,862;4,079;9,296;11;-0,04;0,118;-0,157;2
814;0,862;4,197;9,296;10;0;0,118;0;-1
815;0,902;4,471;9,571;10;0,04;0,274;0,275;0
816;0,98;4,55;9,806;9;0,078;0,0789999999999997;0,234999999999999;-1
817;0,862;4,471;10,12;10;-0,118;-0,0789999999999997;0,314;1
818;0,745;4,275;10,395;11;-0,117;-0,196;0,275;1
819;0,549;4,118;10,591;9;-0,196;-0,157;0,196;-2
820;0,588;3,961;10,787;11;0,0389999999999999;-0,157;0,196000000000002;2
821;0,509;3,961;10,708;10;-0,079;0;-0,0790000000000006;-1
822;0,666;4,001;10,551;9;0,157;0,0400000000000005;-0,157;-1
823;0,941;4,079;10,277;10;0,275;0,0779999999999994;-0,274000000000001;1
824;0,98;4,118;10,042;10;0,039;0,0390000000000006;-0,234999999999999;0
825;1,059;4,158;9,963;10;0,079;0,04;-0,0790000000000006;0
826;1,176;4,158;9,885;10;0,117;0;-0,0779999999999994;0
827;1,176;4,158;10,198;11;0;0;0,313000000000001;1
828;1,294;4,04;10,355;10;0,118;-0,118;0,157;-1
829;1,059;3,765;10,591;9;-0,235;-0,275;0,235999999999999;-1
830;1,098;3,53;11,061;11;0,0390000000000001;-0,235;0,470000000000001;2
831;1,176;3,373;11,375;10;0,0779999999999998;-0,157;0,314;-1
832;1,059;3,177;11,846;9;-0,117;-0,196;0,471;-1
833;0,745;3,216;11,846;11;-0,314;0,0390000000000001;0;2
834;0,47;2,902;11,964;10;-0,275;-0,314;0,118;-1
835;0,313;2,863;11,532;9;-0,157;-0,0390000000000001;-0,432;-1
836;0,235;2,745;10,983;10;-0,078;-0,118;-0,548999999999999;1
837;0,509;2,981;10,512;11;0,274;0,236;-0,471;1
838;0,941;2,981;10,473;10;0,432;0;-0,0389999999999997;-1
839;1,255;2,824;10,002;9;0,314;-0,157;-0,471;-1
840;1,255;2,706;9,453;11;0;-0,118;-0,549000000000001;2
841;1,372;2,706;8,825;10;0,117;0;-0,628;-1
842;1,372;2,549;8,747;10;0;-0,157;-0,0779999999999994;0
843;1,608;2,745;8,629;10;0,236;0,196;-0,118;0
844;1,725;2,785;8,786;10;0,117;0,04;0,157;0
845;1,569;2,745;9,414;9;-0,156;-0,04;0,628;-1
846;1,216;2,588;9,688;11;-0,353;-0,157;0,274000000000001;2
847;1,059;2,549;9,845;9;-0,157;-0,0390000000000001;0,157;-2
848;0,902;2,432;10,002;10;-0,157;-0,117;0,157;1
849;0,941;2,353;9,845;11;0,0389999999999999;-0,0789999999999997;-0,157;1
850;1,059;2,157;9,571;10;0,118;-0,196;-0,274000000000001;-1
851;1,216;2,275;9,296;10;0,157;0,118;-0,275;0
852;1,333;2,235;9,022;10;0,117;-0,04;-0,273999999999999;0
853;1,372;2,275;8,669;10;0,0390000000000001;0,04;-0,353;0
854;1,451;2,314;8,59;10;0,079;0,0390000000000001;-0,0790000000000006;0
855;1,647;2,471;8,629;9;0,196;0,157;0,0389999999999997;-1
856;1,529;2,51;8,669;11;-0,118;0,0389999999999997;0,0400000000000009;2
857;1,412;2,51;8,669;9;-0,117;0;0;-2
858;1,333;2,706;8,943;11;-0,079;0,196;0,273999999999999;2
859;1,294;2,588;8,982;10;-0,0389999999999999;-0,118;0,0389999999999997;-1
860;1,372;2,549;8,982;10;0,0780000000000001;-0,0390000000000001;0;0
861;1,372;2,392;9,1;9;0;-0,157;0,118;-1
862;1,372;2,432;9,1;11;0;0,04;0;2
863;1,294;2,471;9,139;10;-0,0780000000000001;0,0390000000000001;0,0389999999999997;-1
864;1,176;2,471;9,1;10;-0,118;0;-0,0389999999999997;0
865;1,176;2,628;9,257;9;0;0,157;0,157;-1
866;1,059;2,706;9,571;10;-0,117;0,0779999999999998;0,314;1
867;0,862;2,785;9,767;10;-0,197;0,0790000000000002;0,196;0
868;0,706;2,745;9,688;11;-0,156;-0,04;-0,0789999999999988;1
869;0,745;2,863;9,963;10;0,039;0,118;0,274999999999999;-1
870;0,862;3,02;10,002;10;0,117;0,157;0,0390000000000015;0
871;0,823;3,177;9,924;10;-0,039;0,157;-0,0780000000000012;0
872;0,784;3,451;9,806;9;-0,0389999999999999;0,274;-0,118;-1
873;0,509;3,451;9,806;10;-0,275;0;0;1
874;0,666;3,804;9,924;11;0,157;0,353;0,118;1
875;0,823;4,158;9,885;9;0,157;0,354000000000001;-0,0389999999999997;-2
876;0,902;4,079;9,845;11;0,0790000000000001;-0,0790000000000006;-0,0399999999999991;2
877;0,98;3,844;9,806;9;0,078;-0,235;-0,0390000000000015;-2
878;0,98;3,569;9,885;11;0;-0,275;0,0790000000000006;2
879;0,823;3,412;10,002;10;-0,157;-0,157;0,117000000000001;-1
880;0,784;3,373;10,198;10;-0,0389999999999999;-0,0389999999999997;0,196;0
881;0,588;3,451;10,473;9;-0,196;0,0779999999999998;0,275;-1
882;0,235;3,726;10,591;11;-0,353;0,275;0,117999999999999;2
883;0,156;3,922;10,512;10;-0,079;0,196;-0,0789999999999988;-1
884;0,313;3,961;10,512;10;0,157;0,0389999999999997;0;0
885;0,353;3,804;10,473;9;0,04;-0,157;-0,0389999999999997;-1
886;0,47;3,844;10,395;11;0,117;0,04;-0,0780000000000012;2
887;0,392;3,648;10,002;9;-0,078;-0,196;-0,392999999999999;-2
888;0,431;3,53;9,924;10;0,039;-0,118;-0,0780000000000012;1
889;0,509;3,648;9,845;11;0,078;0,118;-0,0789999999999988;1
890;0,431;3,53;9,845;10;-0,078;-0,118;0;-1
891;0,549;3,373;9,649;10;0,118;-0,157;-0,196000000000002;0
892;0,666;3,491;9,845;10;0,117;0,118;0,196000000000002;0
893;0,823;3,451;10,081;10;0,157;-0,04;0,235999999999999;0
894;0,706;3,53;10,395;10;-0,117;0,0789999999999997;0,314;0
895;0,392;3,334;10,944;10;-0,314;-0,196;0,549000000000001;0
896;-0,039;2,981;11,924;10;-0,431;-0,353;0,979999999999999;0
897;-0,47;2,706;12,434;10;-0,431;-0,275;0,51;0
898;-0,706;2,588;12,591;9;-0,236;-0,118;0,157;-1
899;-0,941;2,392;12,395;11;-0,235;-0,196;-0,196;2
900;-0,98;2,118;11,885;10;-0,039;-0,274;-0,51;-1
901;-0,549;2,196;11,022;9;0,431;0,0780000000000003;-0,863;-1
902;-0,078;2,353;10,081;11;0,471;0,157;-0,941000000000001;2
903;0,0;2,432;9,453;9;0,078;0,0789999999999997;-0,628;-2
904;0,039;2,628;8,943;10;0,039;0,196;-0,51;1
905;0,196;2,863;8,629;11;0,157;0,235;-0,314;1
906;0,509;2,941;8,669;10;0,313;0,0779999999999998;0,0400000000000009;-1
907;0,47;3,098;8,825;9;-0,039;0,157;0,155999999999999;-1
908;0,156;3,295;9,139;11;-0,314;0,197;0,314;2
909;-0,156;3,216;9,532;10;-0,312;-0,0789999999999997;0,393000000000001;-1
910;-0,431;3,295;9,571;9;-0,275;0,0789999999999997;0,0389999999999997;-1
911;-0,588;3,098;10,12;11;-0,157;-0,197;0,548999999999999;2
912;-0,627;2,981;10,355;10;-0,039;-0,117;0,235000000000001;-1
913;-0,627;2,785;10,669;9;0;-0,196;0,314;-1
914;-0,745;2,706;10,904;11;-0,118;-0,0790000000000002;0,234999999999999;2
915;-0,666;2,628;11,101;10;0,079;-0,0779999999999998;0,197000000000001;-1
916;-0,47;2,588;10,983;10;0,196;-0,04;-0,118;0
917;-0,117;2,745;10,904;9;0,353;0,157;-0,0790000000000006;-1
918;0,078;2,785;10,669;11;0,195;0,04;-0,234999999999999;2
919;0,117;2,745;10,355;9;0,039;-0,04;-0,314;-2
920;0,353;2,667;9,806;11;0,236;-0,0780000000000003;-0,549000000000001;2
921;0,392;2,628;9,257;9;0,039;-0,0389999999999997;-0,548999999999999;-2
922;0,588;2,745;8,747;11;0,196;0,117;-0,51;2
923;0,784;2,824;8,551;9;0,196;0,0789999999999997;-0,196;-2
924;0,823;2,981;8,394;11;0,0389999999999999;0,157;-0,157;2
925;0,902;3,098;8,316;10;0,0790000000000001;0,117;-0,0779999999999994;-1
926;0,823;3,216;8,316;10;-0,0790000000000001;0,118;0;0
927;0,588;3,255;8,433;10;-0,235;0,0389999999999997;0,116999999999999;0
928;0,431;3,255;8,551;10;-0,157;0;0,118;0
929;0,353;3,295;8,512;9;-0,078;0,04;-0,0389999999999997;-1
930;0,353;3,373;8,512;11;0;0,0780000000000003;0;2
931;0,47;3,334;8,629;10;0,117;-0,0390000000000001;0,116999999999999;-1
932;0,392;3,334;8,786;9;-0,078;0;0,157;-1
933;0,431;3,53;8,786;11;0,039;0,196;0;2
934;0,47;3,608;9,061;9;0,039;0,0780000000000003;0,275;-2
935;0,509;3,765;9,218;10;0,039;0,157;0,157;1
936;0,353;3,648;9,218;10;-0,156;-0,117;0;0
937;0,431;3,491;9,453;11;0,078;-0,157;0,234999999999999;1
938;0,431;3,412;9,924;10;0;-0,0790000000000002;0,471;-1
939;0,313;3,569;9,963;10;-0,118;0,157;0,0389999999999997;0
940;0,235;3,726;9,767;10;-0,078;0,157;-0,196;0
941;0,196;3,804;9,688;10;-0,039;0,0779999999999998;-0,0789999999999988;0
942;0,117;3,883;9,649;9;-0,079;0,0790000000000002;-0,0390000000000015;-1
943;0,117;3,844;9,924;10;0;-0,0390000000000001;0,275;1
944;0,196;3,961;9,375;11;0,079;0,117;-0,548999999999999;1
945;0,392;4,001;9,218;10;0,196;0,0400000000000005;-0,157;-1
946;0,509;4,001;9,218;9;0,117;0;0;-1
947;0,47;4,197;9,1;10;-0,039;0,196;-0,118;1
948;0,47;4,275;8,982;10;0;0,0780000000000003;-0,118;0
949;0,509;4,471;9,022;11;0,039;0,196;0,0400000000000009;1
950;0,588;4,432;9,218;9;0,079;-0,0389999999999997;0,196;-2
951;0,706;4,354;9,375;10;0,118;-0,0780000000000003;0,157;1
952;0,823;4,314;9,532;10;0,117;-0,04;0,157;0
953;0,745;4,197;9,845;10;-0,078;-0,117;0,313000000000001;0
954;0,706;4,04;10,002;10;-0,039;-0,157;0,157;0
955;0,784;4,04;10,198;11;0,0780000000000001;0;0,196;1
956;0,784;3,922;10,355;9;0;-0,118;0,157;-2
957;0,666;3,687;10,434;10;-0,118;-0,235;0,0789999999999988;1
958;0,706;3,687;10,512;10;0,0399999999999999;0;0,0780000000000012;0
959;0,745;3,569;10,551;11;0,039;-0,118;0,0389999999999997;1
960;0,862;3,726;10,551;9;0,117;0,157;0;-2
961;0,902;3,844;10,434;11;0,04;0,118;-0,117000000000001;2
962;0,98;3,961;10,434;9;0,078;0,117;0;-2
963;1,255;4,275;10,238;10;0,275;0,314000000000001;-0,196;1
964;1,255;4,354;10,277;10;0;0,0789999999999997;0,0389999999999997;0
965;1,137;4,158;10,63;11;-0,118;-0,196;0,353000000000002;1
966;1,137;4,04;10,826;10;0;-0,118;0,196;-1
967;1,098;3,804;11,022;10;-0,0389999999999999;-0,236;0,196;0
968;1,019;3,569;11,375;9;-0,0790000000000002;-0,235;0,353;-1
969;1,019;3,412;11,767;11;0;-0,157;0,391999999999999;2
970;0,784;3,334;11,807;9;-0,235;-0,0779999999999998;0,0400000000000009;-2
971;0,706;3,138;11,611;11;-0,0780000000000001;-0,196;-0,196;2
972;0,745;3,059;11,532;10;0,039;-0,0789999999999997;-0,0790000000000006;-1
973;0,784;3,059;10,944;10;0,039;0;-0,587999999999999;0
974;0,784;3,02;10,395;9;0;-0,0390000000000001;-0,549000000000001;-1
975;0,784;3,098;9,767;11;0;0,0779999999999998;-0,628;2
976;0,941;3,098;9,296;9;0,157;0;-0,471;-2
977;1,019;3,098;8,747;11;0,078;0;-0,548999999999999;2
978;1,098;2,941;8,276;9;0,0790000000000002;-0,157;-0,471;-2
979;1,333;3,059;8,237;11;0,235;0,118;-0,0389999999999997;2
980;1,372;3,059;8,355;10;0,0390000000000001;0;0,118;-1
981;1,333;3,098;8,669;9;-0,0390000000000001;0,0389999999999997;0,314;-1
982;1,255;3,177;9,022;11;-0,0780000000000001;0,0790000000000002;0,353;2
983;1,059;3,059;9,1;10;-0,196;-0,118;0,0779999999999994;-1
984;0,98;2,863;9,375;10;-0,079;-0,196;0,275;0
985;0,784;2,902;9,218;10;-0,196;0,0390000000000001;-0,157;0
986;0,706;2,981;9,179;10;-0,0780000000000001;0,0789999999999997;-0,0389999999999997;0
987;0,666;2,941;9,022;10;-0,0399999999999999;-0,04;-0,157;0
988;0,745;2,981;8,865;10;0,079;0,04;-0,157;0
989;0,902;2,902;8,786;10;0,157;-0,0789999999999997;-0,0790000000000006;0
990;1,019;2,941;8,59;9;0,117;0,0389999999999997;-0,196;-1
991;1,137;3,02;8,551;10;0,118;0,0790000000000002;-0,0389999999999997;1
992;1,176;2,941;8,747;11;0,0389999999999999;-0,0790000000000002;0,196;1
993;0,98;3,02;8,669;10;-0,196;0,0790000000000002;-0,0779999999999994;-1
994;1,059;2,941;8,708;9;0,079;-0,0790000000000002;0,0389999999999997;-1
995;1,176;2,981;8,904;11;0,117;0,04;0,196;2
996;1,019;3,059;8,865;10;-0,157;0,0780000000000003;-0,0389999999999997;-1
997;1,019;3,059;8,982;10;0;0;0,116999999999999;0
998;1,059;3,02;9,061;10;0,04;-0,0390000000000001;0,0790000000000006;0
999;0,862;3,059;9,414;10;-0,197;0,0390000000000001;0,353;0
1000;0,706;3,098;9,61;9;-0,156;0,0389999999999997;0,196;-1
1001;0,627;3,138;9,375;10;-0,079;0,04;-0,234999999999999;1
1002;0,509;3,255;9,767;11;-0,118;0,117;0,391999999999999;1
1003;0,431;3,255;9,728;10;-0,078;0;-0,0389999999999997;-1
1004;0,353;3,216;9,649;9;-0,078;-0,0389999999999997;-0,0790000000000006;-1
1005;0,392;3,216;9,728;11;0,039;0;0,0790000000000006;2
1006;0,431;3,412;9,61;10;0,039;0,196;-0,118;-1
1007;0,431;3,373;9,649;10;0;-0,0389999999999997;0,0389999999999997;0
1008;0,313;3,491;9,728;10;-0,118;0,118;0,0790000000000006;0
1009;0,353;3,608;9,767;10;0,04;0,117;0,0389999999999997;0
1010;0,47;3,922;9,649;10;0,117;0,314;-0,118;0
1011;0,588;3,883;9,532;10;0,118;-0,0390000000000001;-0,116999999999999;0
1012;0,549;4,079;9,492;10;-0,0389999999999999;0,196;-0,0399999999999991;0
1013;0,353;3,961;9,492;10;-0,196;-0,118;0;0
1014;0,353;4,079;9,532;10;0;0,118;0,0399999999999991;0
1015;0,274;4,158;9,845;10;-0,079;0,0790000000000006;0,313000000000001;0
1016;0,196;4,511;9,924;10;-0,078;0,353;0,0789999999999988;0
1017;-0,078;4,667;10,12;10;-0,274;0,156;0,196;0
1018;-0,235;4,471;10,12;10;-0,157;-0,196;0;0
1019;-0,353;4,236;10,002;10;-0,118;-0,235;-0,117999999999999;0
1020;0,039;4,118;9,728;10;0,392;-0,117999999999999;-0,274000000000001;0
1021;0,509;4,158;9,806;10;0,47;0,04;0,0779999999999994;0
1022;0,823;4,118;9,806;10;0,314;-0,04;0;0
1023;0,745;3,883;9,963;9;-0,078;-0,235;0,157;-1
1024;0,431;3,765;9,924;11;-0,314;-0,118;-0,0389999999999997;2
1025;0,274;3,883;9,767;10;-0,157;0,118;-0,157;-1
1026;0,353;4,197;9,728;10;0,079;0,314;-0,0389999999999997;0
1027;0,156;4,197;9,688;19;-0,197;0;-0,0399999999999991;9
1028;0,235;4,158;9,728;11;0,079;-0,0389999999999997;0,0399999999999991;-8
1029;0,392;4,197;9,845;10;0,157;0,0389999999999997;0,117000000000001;-1
1030;0,235;3,922;10,159;9;-0,157;-0,275;0,314;-1
1031;0,274;3,844;10,865;11;0,039;-0,0780000000000003;0,706;2
1032;-0,078;3,53;11,689;10;-0,352;-0,314;0,824;-1
1033;-0,588;3,255;12,238;10;-0,51;-0,275;0,548999999999999;0
1034;-0,902;2,902;12,513;10;-0,314;-0,353;0,275;0
1035;-1,372;2,667;12,67;10;-0,47;-0,235;0,157;0
1036;-1,412;2,785;12,042;9;-0,0399999999999998;0,118;-0,628;-1
1037;-1,176;2,941;11,611;11;0,236;0,156;-0,430999999999999;2
1038;-0,784;2,863;10,748;10;0,392;-0,0779999999999998;-0,863000000000001;-1
1039;-0,627;2,824;9,885;10;0,157;-0,0390000000000001;-0,863;0
1040;-0,745;2,941;9,414;10;-0,118;0,117;-0,471;0
1041;-0,588;3,098;9,375;9;0,157;0,157;-0,0389999999999997;-1
1042;-0,156;3,216;8,512;11;0,432;0,118;-0,863;2
1043;0,078;3,02;8,355;10;0,234;-0,196;-0,157;-1
1044;0,274;2,941;8,198;10;0,196;-0,0790000000000002;-0,157;0
1045;0,156;3,177;7,884;10;-0,118;0,236;-0,314;0
1046;0,117;3,491;8,433;9;-0,039;0,314;0,548999999999999;-1
1047;-0,156;3,491;8,669;11;-0,273;0;0,236000000000001;2
1048;-0,509;3,569;9,218;10;-0,353;0,0779999999999998;0,548999999999999;-1
1049;-0,627;3,687;9,649;9;-0,118;0,118;0,430999999999999;-1
1050;-0,706;3,491;9,806;11;-0,079;-0,196;0,157;2
1051;-1,019;3,138;9,649;10;-0,313;-0,353;-0,157;-1
1052;-1,098;2,785;9,806;9;-0,0790000000000002;-0,353;0,157;-1
1053;-0,823;2,785;9,649;11;0,275;0;-0,157;2
1054;-0,392;2,863;9,492;10;0,431;0,0779999999999998;-0,156999999999998;-1
1055;-0,313;3,02;9,571;9;0,079;0,157;0,0789999999999988;-1
1056;-0,235;3,02;9,257;10;0,078;0;-0,314;1
1057;-0,235;3,216;9,296;11;0;0,196;0,0389999999999997;1
1058;-0,078;3,295;9,218;10;0,157;0,0789999999999997;-0,0779999999999994;-1
1059;0,235;3,491;9,061;10;0,313;0,196;-0,157;0
1060;0,588;3,648;8,943;9;0,353;0,157;-0,118;-1
1061;0,588;3,608;9,1;10;0;-0,04;0,157;1
1062;0,509;3,451;9,022;11;-0,079;-0,157;-0,0779999999999994;1
1063;0,196;3,216;9,022;10;-0,313;-0,235;0;-1
1064;0,156;3,491;9,061;9;-0,04;0,275;0,0389999999999997;-1
1065;0,156;3,804;9,022;11;0;0,313;-0,0389999999999997;2
1066;0,0;3,726;9,257;9;-0,156;-0,0779999999999998;0,234999999999999;-2
1067;0,039;3,961;9,257;11;0,039;0,235;0;2
1068;0,196;3,726;9,335;10;0,157;-0,235;0,0780000000000012;-1
1069;0,353;3,608;9,335;10;0,157;-0,118;0;0
1070;0,509;3,608;9,257;10;0,156;0;-0,0780000000000012;0
1071;0,392;3,569;9,1;10;-0,117;-0,0390000000000001;-0,157;0
1072;0,353;3,412;8,943;10;-0,039;-0,157;-0,157;0
1073;0,313;3,491;9,1;9;-0,04;0,0790000000000002;0,157;-1
1074;0,392;3,804;9,022;11;0,079;0,313;-0,0779999999999994;2
1075;0,392;3,961;9,179;10;0;0,157;0,157;-1
1076;0,117;4,118;9,257;10;-0,275;0,157;0,0779999999999994;0
1077;0,274;4,275;9,218;9;0,157;0,157;-0,0389999999999997;-1
1078;0,156;4,432;9,375;11;-0,118;0,157;0,157;2
1079;0,235;4,354;9,414;10;0,079;-0,0780000000000003;0,0389999999999997;-1
1080;0,353;4,275;9,649;10;0,118;-0,0789999999999997;0,234999999999999;0
1081;0,509;4,079;9,453;10;0,156;-0,196000000000001;-0,196;0
1082;0,823;4,197;9,257;10;0,314;0,118;-0,196;0
1083;0,784;4,118;9,296;9;-0,0389999999999999;-0,0789999999999997;0,0389999999999997;-1
1084;0,549;4,158;9,296;11;-0,235;0,04;0;2
1085;0,0;4,275;9,061;10;-0,549;0,117;-0,234999999999999;-1
1086;0,039;4,511;8,904;9;0,039;0,236;-0,157;-1
1087;0,47;4,903;8,982;11;0,431;0,391999999999999;0,0779999999999994;2
1088;0,666;4,864;8,943;10;0,196;-0,0389999999999997;-0,0389999999999997;-1
1089;0,392;4,707;8,747;9;-0,274;-0,157;-0,196;-1
1090;0,156;4,471;8,59;10;-0,236;-0,236;-0,157;1
1091;0,431;4,354;8,825;10;0,275;-0,117;0,234999999999999;0
1092;0,706;4,432;8,865;11;0,275;0,0780000000000003;0,0400000000000009;1
1093;0,823;4,55;9,179;9;0,117;0,117999999999999;0,314;-2
1094;0,509;4,511;9,375;11;-0,314;-0,0389999999999997;0,196;2
1095;0,392;4,589;9,453;10;-0,117;0,0780000000000003;0,0779999999999994;-1
1096;0,313;4,667;9,571;9;-0,079;0,0779999999999994;0,118;-1
1097;0,313;4,824;9,61;11;0;0,157;0,0389999999999997;2
1098;0,353;5,217;9,688;10;0,04;0,393;0,0780000000000012;-1
1099;0,627;5,805;9,845;9;0,274;0,588;0,157;-1
1100;1,137;5,766;9,453;10;0,51;-0,0389999999999997;-0,392000000000001;1
1101;1,294;5,334;9,296;10;0,157;-0,432;-0,157;0
1102;0,98;5,06;9,061;10;-0,314;-0,274;-0,234999999999999;0
1103;0,549;5,099;8,825;10;-0,431;0,0390000000000006;-0,236000000000001;0
1104;0,588;5,021;8,904;11;0,0389999999999999;-0,0780000000000003;0,0790000000000006;1
1105;0,666;4,981;8,747;10;0,0780000000000001;-0,04;-0,157;-1
1106;0,784;4,981;8,825;9;0,118;0;0,0779999999999994;-1
1107;0,902;5,099;9,061;10;0,118;0,118;0,236000000000001;1
1108;0,941;5,295;9,375;11;0,0389999999999999;0,196;0,314;1
1109;0,745;5,256;9,924;9;-0,196;-0,0389999999999997;0,548999999999999;-2
1110;0,392;5,138;10,395;10;-0,353;-0,118;0,471;1
1111;0,274;5,021;10,904;10;-0,118;-0,117;0,509;0
1112;0,196;4,824;11,532;10;-0,078;-0,197;0,628;0
1113;0,117;4,55;11,807;10;-0,079;-0,274;0,275;0
1114;0,0;4,118;11,924;10;-0,117;-0,432;0,116999999999999;0
1115;0,078;3,687;11,807;10;0,078;-0,431;-0,116999999999999;0
1116;0,039;3,334;11,454;11;-0,039;-0,353;-0,353;1
1117;0,117;3,216;11,297;10;0,078;-0,118;-0,157;-1
1118;0,47;3,373;10,944;9;0,353;0,157;-0,353;-1
1119;0,745;3,608;10,63;11;0,275;0,235;-0,314;2
1120;0,862;3,569;10,551;9;0,117;-0,0390000000000001;-0,0790000000000006;-2
1121;0,823;3,412;10,316;11;-0,039;-0,157;-0,234999999999999;2
1122;0,666;3,216;10,159;9;-0,157;-0,196;-0,157;-2
1123;0,745;3,098;9,885;11;0,079;-0,118;-0,274000000000001;2
1124;0,745;2,981;9,885;10;0;-0,117;0;-1
1125;0,862;2,981;9,688;9;0,117;0;-0,196999999999999;-1
1126;0,823;2,941;9,61;11;-0,039;-0,04;-0,0780000000000012;2
1127;0,509;2,588;9,335;9;-0,314;-0,353;-0,274999999999999;-2
1128;0,392;2,588;9,179;10;-0,117;0;-0,156000000000001;1
1129;0,353;2,706;8,786;11;-0,039;0,118;-0,393000000000001;1
1130;0,588;2,785;8,747;10;0,235;0,0790000000000002;-0,0389999999999997;-1
1131;0,823;2,941;8,708;9;0,235;0,156;-0,0389999999999997;-1
1132;0,862;2,863;8,865;10;0,039;-0,0779999999999998;0,157;1
1133;0,823;2,785;9,1;11;-0,039;-0,0779999999999998;0,234999999999999;1
1134;0,549;2,667;9,061;9;-0,274;-0,118;-0,0389999999999997;-2
1135;0,431;2,628;9,257;11;-0,118;-0,0389999999999997;0,196;2
1136;0,509;2,51;9,767;9;0,078;-0,118;0,51;-2
1137;0,392;2,432;9,728;10;-0,117;-0,0779999999999998;-0,0389999999999997;1
1138;0,117;2,471;9,806;11;-0,275;0,0390000000000001;0,0779999999999994;1
1139;-0,039;2,471;9,924;9;-0,156;0;0,118;-2
1140;-0,196;2,51;9,806;10;-0,157;0,0389999999999997;-0,118;1
1141;0,0;2,51;9,414;11;0,196;0;-0,391999999999999;1
1142;-0,117;2,51;9,414;9;-0,117;0;0;-2
1143;-0,078;2,667;9,296;11;0,039;0,157;-0,118;2
1144;-0,039;2,863;9,1;10;0,039;0,196;-0,196;-1
1145;0,039;3,098;8,433;9;0,078;0,235;-0,667;-1
1146;0,117;3,138;8,276;11;0,078;0,04;-0,157;2
1147;0,078;3,059;8,237;9;-0,039;-0,0789999999999997;-0,0389999999999997;-2
1148;0,274;3,138;8,119;11;0,196;0,0789999999999997;-0,118;2
1149;0,117;3,02;8,237;10;-0,157;-0,118;0,118;-1
1150;0,078;3,138;8,59;10;-0,039;0,118;0,353;0
1151;0,078;3,373;9,179;10;0;0,235;0,589;0
1152;-0,078;3,491;9,257;10;-0,156;0,118;0,0779999999999994;0
1153;-0,392;3,373;9,61;9;-0,314;-0,118;0,353;-1
1154;-0,47;3,412;9,728;11;-0,078;0,0389999999999997;0,118;2
1155;-0,47;3,412;9,61;10;0;0;-0,118;-1
1156;-0,353;3,451;9,571;9;0,117;0,0390000000000001;-0,0389999999999997;-1
1157;-0,235;3,569;9,296;10;0,118;0,118;-0,275;1
1158;-0,156;3,451;9,139;11;0,079;-0,118;-0,157;1
1159;0,117;3,53;9,139;10;0,273;0,0789999999999997;0;-1
1160;0,117;3,804;9,257;9;0;0,274;0,118;-1
1161;0,0;3,687;9,532;11;-0,117;-0,117;0,275;2
1162;-0,078;3,687;9,767;10;-0,078;0;0,234999999999999;-1
1163;-0,078;3,844;10,081;9;0;0,157;0,314;-1
1164;0,0;3,922;10,198;11;0,078;0,0780000000000003;0,117000000000001;2
1165;-0,039;4,04;10,12;10;-0,039;0,118;-0,0780000000000012;-1
1166;-0,039;4,236;10,042;10;0;0,196;-0,0779999999999994;0
1167;-0,313;4,393;10,198;10;-0,274;0,157;0,156000000000001;0
1168;-0,274;4,354;10,002;10;0,039;-0,0389999999999997;-0,196;0
1169;-0,196;4,393;9,845;10;0,078;0,0389999999999997;-0,157;0
1170;-0,039;4,55;9,845;9;0,157;0,157;0;-1
1171;0,039;4,471;9,845;11;0,078;-0,0789999999999997;0;2
1172;0,117;4,432;9,806;10;0,078;-0,0389999999999997;-0,0390000000000015;-1
1173;0,196;4,432;9,728;10;0,079;0;-0,0779999999999994;0
1174;0,156;4,158;9,688;9;-0,04;-0,274;-0,0399999999999991;-1
1175;0,039;4,197;9,532;11;-0,117;0,0389999999999997;-0,156000000000001;2
1176;-0,235;4,314;9,571;10;-0,274;0,117;0,0389999999999997;-1
1177;-0,392;4,511;9,571;9;-0,157;0,197;0;-1
1178;-0,353;4,785;9,61;11;0,039;0,274;0,0389999999999997;2
1179;-0,196;4,471;9,296;10;0,157;-0,314;-0,314;-1
1180;-0,039;4,354;9,179;9;0,157;-0,117;-0,116999999999999;-1
1181;0,235;4,667;8,865;11;0,274;0,313;-0,314;2
1182;0,627;4,981;8,825;10;0,392;0,314;-0,0400000000000009;-1
1183;0,666;4,785;8,982;10;0,039;-0,196;0,157;0
1184;0,47;4,707;8,865;10;-0,196;-0,0780000000000003;-0,116999999999999;0
1185;0,549;4,824;9,257;10;0,0790000000000001;0,117;0,391999999999999;0
1186;0,666;4,903;10,277;10;0,117;0,0789999999999997;1,02;0
1187;0,353;4,864;11,454;10;-0,313;-0,0389999999999997;1,177;0
1188;-0,431;4,158;12,042;9;-0,784;-0,706;0,587999999999999;-1
1189;-0,902;3,491;12,63;11;-0,471;-0,667;0,588000000000001;2
1190;-1,137;3,02;12,944;9;-0,235;-0,471;0,314;-2
1191;-1,098;2,588;12,709;11;0,0389999999999999;-0,432;-0,235000000000001;2
1192;-1,098;2,235;12,081;9;0;-0,353;-0,628;-2
1193;-0,666;2,353;11,14;11;0,432;0,118;-0,940999999999999;2
1194;-0,274;2,628;10,042;10;0,392;0,275;-1,098;-1
1195;0,156;2,745;9,022;10;0,43;0,117;-1,02;0
1196;0,353;2,863;8,512;9;0,197;0,118;-0,51;-1
1197;0,588;3,059;7,963;11;0,235;0,196;-0,549;2
1198;1,019;3,295;7,884;9;0,431;0,236;-0,0789999999999997;-2
1199;1,412;3,491;8,041;10;0,393;0,196;0,157;1
1200;1,255;3,295;8,198;10;-0,157;-0,196;0,157;0
1201;0,823;3,02;8,551;11;-0,432;-0,275;0,353;1
1202;0,274;2,824;8,943;10;-0,549;-0,196;0,391999999999999;-1
1203;0,039;2,863;9,532;10;-0,235;0,0390000000000001;0,589;0
1204;-0,313;3,059;10,12;9;-0,352;0,196;0,587999999999999;-1
1205;-0,392;2,981;10,63;11;-0,079;-0,0780000000000003;0,510000000000002;2
1206;-0,588;2,824;10,865;10;-0,196;-0,157;0,234999999999999;-1
1207;-0,509;2,902;10,708;10;0,079;0,0780000000000003;-0,157;0
1208;-0,156;2,863;10,708;9;0,353;-0,0390000000000001;0;-1
1209;0,0;2,863;10,355;11;0,156;0;-0,353;2
1210;0,117;2,824;9,885;10;0,117;-0,0390000000000001;-0,470000000000001;-1
1211;0,196;2,706;9,453;10;0,079;-0,118;-0,432;0
1212;0,431;2,863;9,022;10;0,235;0,157;-0,430999999999999;0
1213;0,666;3,098;8,747;10;0,235;0,235;-0,275;0
1214;0,902;3,334;8,433;10;0,236;0,236;-0,314;0
1215;0,941;3,491;8,433;10;0,0389999999999999;0,157;0;0
1216;0,862;3,648;8,159;10;-0,079;0,157;-0,273999999999999;0
1217;0,784;3,569;8,198;10;-0,078;-0,0790000000000002;0,0389999999999997;0
1218;0,823;3,608;8,276;10;0,0389999999999999;0,0390000000000001;0,0779999999999994;0
1219;0,666;3,53;8,512;10;-0,157;-0,0780000000000003;0,236000000000001;0
1220;0,549;3,648;8,669;10;-0,117;0,118;0,157;0
1221;0,392;3,569;8,904;10;-0,157;-0,0790000000000002;0,234999999999999;0
1222;0,431;3,648;8,865;10;0,039;0,0790000000000002;-0,0389999999999997;0
1223;0,509;3,687;9,061;9;0,078;0,0389999999999997;0,196;-1
1224;0,549;3,765;9,022;11;0,04;0,0780000000000003;-0,0389999999999997;2
1225;0,588;3,844;9,061;10;0,0389999999999999;0,0789999999999997;0,0389999999999997;-1
1226;0,47;3,765;9,061;10;-0,118;-0,0789999999999997;0;0
1227;0,235;3,53;8,943;10;-0,235;-0,235;-0,118;0
1228;0,509;3,726;8,982;10;0,274;0,196;0,0389999999999997;0
1229;0,627;4,001;8,943;10;0,118;0,275;-0,0389999999999997;0
1230;0,431;4,04;9,1;10;-0,196;0,0389999999999997;0,157;0
1231;0,117;4,118;9,1;10;-0,314;0,0780000000000003;0;0
1232;0,196;4,275;9,179;10;0,079;0,157;0,0790000000000006;0
1233;0,353;4,236;9,218;10;0,157;-0,0390000000000006;0,0389999999999997;0
1234;0,431;4,354;9,139;10;0,078;0,118;-0,0790000000000006;0
1235;0,313;4,393;8,904;9;-0,118;0,0389999999999997;-0,234999999999999;-1
1236;0,313;4,393;8,865;11;0;0;-0,0389999999999997;2
1237;0,274;4,511;8,708;10;-0,039;0,118;-0,157;-1
1238;0,313;4,628;8,786;9;0,039;0,117;0,0779999999999994;-1
1239;0,313;4,707;8,982;11;0;0,0789999999999997;0,196;2
1240;0,431;4,864;9,061;10;0,118;0,157;0,0790000000000006;-1
1241;0,706;4,981;9,061;10;0,275;0,117;0;0
1242;0,862;4,981;9,218;10;0,156;0;0,157;0
1243;0,902;5,177;9,218;10;0,04;0,196;0;0
1244;1,019;5,138;9,179;9;0,117;-0,0389999999999997;-0,0389999999999997;-1
1245;1,019;5,295;9,571;10;0;0,157;0,391999999999999;1
1246;0,862;5,256;9,885;11;-0,157;-0,0389999999999997;0,314;1
1247;0,627;5,138;10,002;10;-0,235;-0,118;0,117000000000001;-1
1248;0,549;4,942;9,963;9;-0,078;-0,196;-0,0390000000000015;-1
1249;0,588;4,981;10,434;10;0,0389999999999999;0,0389999999999997;0,471;1
1250;0,627;5,099;10,434;10;0,039;0,118;0;0
1251;0,666;5,06;10,63;11;0,039;-0,0390000000000006;0,196000000000002;1
1252;0,509;4,903;10,395;9;-0,157;-0,157;-0,235000000000001;-2
1253;0,588;4,864;10,395;11;0,079;-0,0389999999999997;0;2
1254;0,745;4,824;10,551;10;0,157;-0,04;0,156000000000001;-1
