Point	x	y	z
0	0.367	0.469	10.274
1	0.367	0.469	10.274
2	0.774	0.43	10.035
3	0.774	0.43	10.035
4	0.774	0.43	10.035
5	0.185	0.411	10.054
6	0.185	0.411	10.054
7	0.386	0.502	9.996
8	0.386	0.502	9.996
9	0.396	0.435	9.877
10	0.396	0.435	9.877
11	0.448	0.474	10.044
12	0.448	0.474	10.044
13	0.448	0.474	10.044
14	0.324	0.474	10.04
15	0.324	0.474	10.04
16	0.606	0.421	9.8
17	0.606	0.421	9.8
18	0.606	0.421	9.8
19	0.199	0.411	10.049
20	0.199	0.411	10.049
21	0.405	0.43	9.824
22	0.405	0.43	9.824
23	0.405	0.43	9.824
24	0.468	0.44	9.762
25	0.468	0.44	9.762
26	0.223	0.454	9.872
27	0.223	0.454	9.872
28	0.223	0.454	9.872
29	0.266	0.502	9.652
30	0.266	0.502	9.652
31	0.343	0.588	9.585
32	0.343	0.588	9.585
33	0.343	0.588	9.585
34	0.219	0.598	9.412
35	-0.13	0.588	9.503
36	-0.13	0.588	9.503
37	-0.13	0.588	9.503
38	-0.049	0.488	9.795
39	-0.049	0.488	9.795
40	-0.029	0.45	9.747
41	-0.029	0.45	9.747
42	-0.029	0.45	9.747
43	-0.025	0.478	9.963
44	-0.025	0.478	9.963
45	-0.025	0.44	9.896
46	-0.025	0.44	9.896
47	-0.025	0.44	9.896
48	-0.053	0.402	9.939
49	-0.053	0.402	9.939
50	0.037	0.383	9.8
51	0.037	0.383	9.8
52	0.037	0.383	9.8
53	0.147	0.45	9.575
54	0.147	0.45	9.575
55	0.348	0.531	9.293
56	0.348	0.531	9.293
57	0.348	0.531	9.293
58	0.482	0.497	9.422
59	0.482	0.497	9.422
60	0.731	0.684	9.537
61	0.731	0.684	9.537
62	0.731	0.684	9.537
63	0.712	0.598	9.647
64	0.712	0.598	9.647
65	0.63	0.474	9.69
66	0.63	0.474	9.69
67	0.63	0.474	9.69
68	0.626	0.579	9.68
69	0.626	0.579	9.68
70	0.597	0.675	9.542
71	0.597	0.675	9.542
72	0.597	0.675	9.542
73	0.448	0.651	9.532
74	0.535	0.723	10.064
75	0.535	0.723	10.064
76	0.597	0.646	10.231
77	0.597	0.646	10.231
78	0.597	0.646	10.231
79	0.693	0.474	9.934
80	0.693	0.474	9.934
81	0.76	0.632	10.121
82	0.76	0.632	10.121
83	0.76	0.632	10.121
84	0.693	0.641	9.838
85	0.693	0.641	9.838
86	0.563	0.545	9.8
87	0.563	0.545	9.8
88	0.563	0.545	9.8
89	0.755	0.354	9.561
90	0.755	0.354	9.561
91	0.664	0.478	10.025
92	0.664	0.478	10.025
93	0.664	0.478	10.025
94	0.721	0.402	10.739
95	0.721	0.402	10.739
96	0.702	0.253	10.236
97	0.702	0.253	10.236
98	0.702	0.253	10.236
99	0.621	0.244	10.068
100	0.621	0.244	10.068
101	0.492	0.153	9.977
102	0.492	0.153	9.977
103	0.492	0.153	9.977
104	0.549	0.339	10.193
105	0.549	0.339	10.193
106	0.669	0.33	9.91
107	0.669	0.33	9.91
108	0.669	0.33	9.91
109	0.64	0.215	10.025
110	0.64	0.215	10.025
111	0.535	0.253	9.982
112	0.535	0.253	9.982
113	0.563	0.148	9.925
114	0.563	0.148	9.925
115	0.515	0.244	10.087
116	0.515	0.244	10.087
117	0.515	0.244	10.087
118	0.563	0.301	9.843
119	0.563	0.301	9.843
120	0.559	0.421	9.652
121	0.559	0.421	9.652
122	0.559	0.421	9.652
123	0.654	0.541	9.594
124	0.654	0.541	9.594
125	0.86	0.684	9.475
126	0.86	0.684	9.475
127	0.86	0.684	9.475
128	1.004	0.483	9.489
129	1.004	0.483	9.489
130	0.903	0.469	9.623
131	0.903	0.469	9.623
132	0.903	0.469	9.623
133	0.87	0.632	9.657
134	0.87	0.632	9.657
135	0.247	0.521	9.795
136	0.247	0.521	9.795
137	0.247	0.521	9.795
138	0.219	0.335	9.944
139	0.219	0.335	9.944
140	0.611	0.196	9.609
141	0.611	0.196	9.609
142	0.611	0.196	9.609
143	0.511	0.464	9.834
144	0.511	0.464	9.834
145	0.764	0.459	9.771
146	0.764	0.459	9.771
147	0.764	0.459	9.771
148	0.731	0.464	9.68
149	0.731	0.464	9.68
150	0.659	0.45	10.016
151	0.578	0.435	9.896
152	0.578	0.435	9.896
153	0.578	0.435	9.896
154	0.401	0.44	9.858
155	0.401	0.44	9.858
156	0.343	0.311	9.68
157	0.343	0.311	9.68
158	0.343	0.311	9.68
159	0.329	0.416	9.465
160	0.329	0.416	9.465
161	0.63	0.272	9.484
162	0.63	0.272	9.484
163	0.63	0.272	9.484
164	0.63	0.469	9.245
165	0.63	0.469	9.245
166	0.669	0.387	9.345
167	0.669	0.387	9.345
168	0.669	0.387	9.345
169	0.793	0.45	9.57
170	0.793	0.45	9.57
171	0.664	0.454	9.738
172	0.664	0.454	9.738
173	0.664	0.454	9.738
174	0.515	0.33	9.925
175	0.515	0.33	9.925
176	0.286	0.311	9.704
177	0.286	0.311	9.704
178	0.286	0.311	9.704
179	0.396	0.311	9.747
180	0.396	0.311	9.747
181	0.348	0.335	9.609
182	0.348	0.335	9.609
183	0.348	0.335	9.609
184	0.381	0.359	9.719
185	0.381	0.359	9.719
186	0.482	0.311	9.738
187	0.482	0.311	9.738
188	0.482	0.311	9.738
189	0.563	0.301	9.973
190	0.472	0.258	9.906
191	0.472	0.258	9.906
192	0.472	0.258	9.906
193	0.329	0.191	10.087
194	0.329	0.191	10.087
195	0.008	0.205	10.135
196	0.008	0.205	10.135
197	0.008	0.205	10.135
198	0.142	0.172	10.068
199	0.142	0.172	10.068
200	0.046	0.009	10.198
201	0.046	0.009	10.198
202	0.046	0.009	10.198
203	0.199	0.081	10.298
204	0.199	0.081	10.298
205	0.377	0.067	10.15
206	0.377	0.067	10.15
207	0.377	0.067	10.15
208	0.669	0.21	9.925
209	0.669	0.21	9.925
210	0.405	0.134	10.48
211	0.405	0.134	10.48
212	0.405	0.134	10.48
213	0.377	0.287	9.901
214	0.377	0.287	9.901
215	0.525	0.32	9.589
216	0.525	0.32	9.589
217	0.525	0.32	9.589
218	0.506	0.225	10.054
219	0.506	0.225	10.054
220	0.137	0.234	10.207
221	0.137	0.234	10.207
222	0.137	0.234	10.207
223	0.448	0.301	9.929
224	0.448	0.301	9.929
225	-0.044	0.095	10.332
226	-0.044	0.095	10.332
227	-0.044	0.095	10.332
228	0.128	0.196	10.236
229	0.362	0.253	10.265
230	0.362	0.253	10.265
231	0.338	0.086	9.934
232	0.338	0.086	9.934
233	0.338	0.086	9.934
234	0.262	0.057	9.963
235	0.262	0.057	9.963
236	0.19	0.33	10.04
237	0.19	0.33	10.04
238	0.19	0.33	10.04
239	0.678	0.253	9.364
240	0.678	0.253	9.364
241	0.626	0.306	9.628
242	0.626	0.306	9.628
243	0.626	0.306	9.628
244	0.539	0.363	9.546
245	0.539	0.363	9.546
246	0.276	0.574	10.049
247	0.276	0.574	10.049
248	0.276	0.574	10.049
249	0.597	0.512	9.8
250	0.597	0.512	9.8
251	0.357	0.272	10.523
252	0.357	0.272	10.523
253	0.357	0.272	10.523
254	0.932	-0.143	11.16
255	0.932	-0.143	11.16
256	-0.053	0.023	9.058
257	-0.053	0.023	9.058
258	-0.053	0.023	9.058
259	0.195	0.09	10.135
260	0.195	0.09	10.135
261	0.477	0.397	10.116
262	0.477	0.397	10.116
263	0.477	0.397	10.116
264	0.549	0.201	10.207
265	0.549	0.201	10.207
266	0.688	0.248	10.025
267	0.688	0.248	10.025
268	0.764	0.531	9.637
269	0.764	0.531	9.637
270	0.788	0.622	9.46
271	0.788	0.622	9.46
272	0.788	0.622	9.46
273	0.726	0.526	9.417
274	0.726	0.526	9.417
275	0.731	0.608	9.599
276	0.731	0.608	9.599
277	0.731	0.608	9.599
278	0.764	0.641	9.834
279	0.764	0.641	9.834
280	0.511	0.569	9.848
281	0.511	0.569	9.848
282	0.511	0.569	9.848
283	0.386	0.703	10.135
284	0.386	0.703	10.135
285	0.195	0.622	9.657
286	0.195	0.622	9.657
287	0.195	0.622	9.657
288	0.171	0.43	10.049
289	0.171	0.43	10.049
290	0.286	0.464	9.68
291	0.286	0.464	9.68
292	0.286	0.464	9.68
293	0.401	0.565	9.546
294	0.401	0.565	9.546
295	0.63	0.56	9.273
296	0.63	0.56	9.273
297	0.63	0.56	9.273
298	0.889	0.593	9.34
299	0.889	0.593	9.34
300	0.745	0.383	9.317
301	0.745	0.383	9.317
302	0.745	0.383	9.317
303	0.87	0.392	9.393
304	0.87	0.392	9.393
305	0.875	0.363	9.594
306	0.602	0.373	9.886
307	0.602	0.373	9.886
308	0.602	0.373	9.886
309	0.731	0.464	9.422
310	0.731	0.464	9.422
311	0.453	0.708	10.169
312	0.453	0.708	10.169
313	0.453	0.708	10.169
314	0.233	0.665	10.327
315	0.233	0.665	10.327
316	0.602	0.555	9.791
317	0.602	0.555	9.791
318	0.602	0.555	9.791
319	0.209	0.421	9.853
320	0.209	0.421	9.853
321	0.223	0.33	9.733
322	0.223	0.33	9.733
323	0.223	0.33	9.733
324	0.084	0.464	9.968
325	0.084	0.464	9.968
326	0.219	0.459	9.685
327	0.219	0.459	9.685
328	0.219	0.459	9.685
329	0.295	0.383	9.599
330	0.295	0.383	9.599
331	0.271	0.253	9.862
332	0.271	0.253	9.862
333	0.271	0.253	9.862
334	0.223	0.167	10.131
335	0.223	0.167	10.131
336	0.156	0.043	10.011
337	0.156	0.043	10.011
338	0.156	0.043	10.011
339	0.051	-0.038	9.848
340	0.051	-0.038	9.848
341	0.017	0	9.819
342	0.017	0	9.819
343	0.017	0	9.819
344	0.118	-0.033	9.628
345	0.271	-0.004	9.594
346	0.271	-0.004	9.594
347	0.271	-0.004	9.594
348	0.587	0.076	9.685
349	0.587	0.076	9.685
350	0.798	0.033	9.819
351	0.798	0.033	9.819
352	0.798	0.033	9.819
353	0.673	0.081	9.929
354	0.673	0.081	9.929
355	0.659	0.009	9.867
356	0.659	0.009	9.867
357	0.659	0.009	9.867
358	0.515	-0.148	10.121
359	0.515	-0.148	10.121
360	0.582	-0.047	10.092
361	0.582	-0.047	10.092
362	0.582	-0.047	10.092
363	0.549	0	10.336
364	0.549	0	10.336
365	0.602	-0.047	10.303
366	0.602	-0.047	10.303
367	0.602	-0.047	10.303
368	0.693	-0.129	10.279
369	0.693	-0.129	10.279
370	0.731	-0.009	10.049
371	0.731	-0.009	10.049
372	0.731	-0.009	10.049
373	0.846	-0.095	9.939
374	0.846	-0.095	9.939
375	0.841	0.148	9.929
376	0.841	0.148	9.929
377	0.841	0.148	9.929
378	0.851	0.076	9.958
379	0.851	0.076	9.958
380	0.755	-0.181	10.035
381	0.755	-0.181	10.035
382	0.755	-0.181	10.035
383	0.755	-0.119	10.399
384	0.64	-0.172	10.356
385	0.64	-0.172	10.356
386	0.53	-0.067	10.332
387	0.53	-0.067	10.332
388	0.53	-0.067	10.332
389	0.52	-0.119	10.437
390	0.52	-0.119	10.437
391	0.626	-0.191	10.207
392	0.626	-0.191	10.207
393	0.626	-0.191	10.207
394	0.654	-0.09	10.188
395	0.654	-0.09	10.188
396	0.659	-0.067	10.126
397	0.659	-0.067	10.126
398	0.659	-0.067	10.126
399	0.602	0.033	10.054
400	0.602	0.033	10.054
401	0.544	0.081	9.819
402	0.544	0.081	9.819
403	0.544	0.081	9.819
404	0.616	0.095	9.695
405	0.616	0.095	9.695
406	0.654	0.22	9.58
407	0.654	0.22	9.58
408	0.654	0.22	9.58
409	0.563	0.148	9.752
410	0.563	0.148	9.752
411	0.592	0.148	9.824
412	0.592	0.148	9.824
413	0.592	0.148	9.824
414	0.525	0.134	9.882
415	0.525	0.134	9.882
416	0.439	0.153	9.786
417	0.439	0.153	9.786
418	0.439	0.153	9.786
419	0.487	0.167	9.575
420	0.487	0.167	9.575
421	0.535	0.148	9.518
422	0.535	0.148	9.518
423	0.659	0.311	9.355
424	0.659	0.311	9.355
425	0.841	0.445	9.546
426	0.841	0.445	9.546
427	0.841	0.445	9.546
428	0.793	0.383	9.532
429	0.793	0.383	9.532
430	0.779	0.411	9.465
431	0.779	0.411	9.465
432	0.779	0.411	9.465
433	0.803	0.44	9.479
434	0.803	0.44	9.479
435	0.808	0.33	9.575
436	0.808	0.33	9.575
437	0.808	0.33	9.575
438	0.87	0.363	9.843
439	0.87	0.363	9.843
440	0.851	0.368	9.915
441	0.851	0.368	9.915
442	0.851	0.368	9.915
443	1.028	0.402	9.781
444	1.028	0.402	9.781
445	1.028	0.445	9.8
446	1.028	0.445	9.8
447	1.028	0.445	9.8
448	0.99	0.411	9.771
449	0.99	0.411	9.771
450	0.98	0.411	9.676
451	0.98	0.411	9.676
452	0.98	0.411	9.676
453	0.903	0.416	9.781
454	0.903	0.416	9.781
455	0.812	0.421	9.949
456	0.812	0.421	9.949
457	0.812	0.421	9.949
458	0.817	0.368	9.695
459	0.817	0.368	9.695
460	0.76	0.11	10.102
461	0.702	0.148	9.963
462	0.702	0.148	9.963
463	0.702	0.148	9.963
464	0.573	-0.033	10.394
465	0.573	-0.033	10.394
466	0.592	-0.129	10.447
467	0.592	-0.129	10.447
468	0.592	-0.129	10.447
469	0.659	-0.067	10.48
470	0.659	-0.067	10.48
471	0.582	-0.043	10.743
472	0.582	-0.043	10.743
473	0.582	-0.043	10.743
474	0.64	0.253	10.111
475	0.64	0.253	10.111
476	0.492	0.052	10.552
477	0.492	0.052	10.552
478	0.492	0.052	10.552
479	0.525	0.158	10.753
480	0.525	0.158	10.753
481	0.41	0.143	10.973
482	0.41	0.143	10.973
483	0.41	0.143	10.973
484	0.386	0.158	11.581
485	0.386	0.158	11.581
486	0.492	0.22	11.672
487	0.492	0.22	11.672
488	0.492	0.22	11.672
489	0.611	0.407	12.328
490	0.611	0.407	12.328
491	0.769	0.617	12.606
492	0.769	0.617	12.606
493	0.769	0.617	12.606
494	1.234	1.024	13.387
495	1.234	1.024	13.387
496	1.962	1.331	13.77
497	1.962	1.331	13.77
498	1.962	1.331	13.77
499	2.431	1.565	14.895
500	2.431	1.565	14.895
501	2.953	1.594	15.441
502	2.953	1.594	15.441
503	3.235	1.446	15.728
504	3.235	1.446	15.728
505	3.274	1.431	15.762
506	3.274	1.431	15.762
507	3.274	1.431	15.762
508	3.604	1.503	15.714
509	3.604	1.503	15.714
510	3.882	1.388	15.948
511	3.882	1.388	15.948
512	3.882	1.388	15.948
513	3.882	1.206	15.594
514	3.882	1.206	15.594
515	3.743	1.106	15.024
516	3.743	1.106	15.024
517	3.743	1.106	15.024
518	3.786	1.154	14.115
519	3.786	1.154	14.115
520	4.107	1.335	13.564
521	4.107	1.335	13.564
522	4.107	1.335	13.564
523	4.284	1.273	12.922
524	4.284	1.273	12.922
525	4.605	1.498	11.945
526	4.605	1.498	11.945
527	4.605	1.498	11.945
528	5.079	1.556	11.222
529	5.079	1.556	11.222
530	5.917	1.613	10.657
531	5.917	1.613	10.657
532	5.917	1.613	10.657
533	7.047	1.752	11.265
534	7.047	1.752	11.265
535	7.521	1.575	11.251
536	7.521	1.575	11.251
537	7.521	1.575	11.251
538	7.995	1.537	11.237
539	7.995	1.537	11.237
540	8.354	1.465	10.906
541	7.87	0.909	9.992
542	7.87	0.909	9.992
543	7.87	0.909	9.992
544	7.243	0.588	9.23
545	7.243	0.588	9.23
546	6.496	0.368	8.842
547	6.496	0.368	8.842
548	6.496	0.368	8.842
549	5.744	0.095	7.971
550	5.744	0.095	7.971
551	4.849	-0.114	7.023
552	4.849	-0.114	7.023
553	4.849	-0.114	7.023
554	4.016	-0.363	6.415
555	4.016	-0.363	6.415
556	3.192	-0.531	5.888
557	3.192	-0.531	5.888
558	3.192	-0.531	5.888
559	2.613	-0.579	5.768
560	2.613	-0.579	5.768
561	2.254	-0.636	5.357
562	2.254	-0.636	5.357
563	2.254	-0.636	5.357
564	2.996	-0.21	6.515
565	2.996	-0.21	6.515
566	3.513	0.555	7.085
567	3.513	0.555	7.085
568	3.513	0.555	7.085
569	3.436	0.981	6.127
570	3.436	0.981	6.127
571	3.173	1.23	5.452
572	3.173	1.23	5.452
573	3.173	1.23	5.452
574	2.594	1.623	4.576
575	2.594	1.623	4.576
576	2.024	1.733	3.245
577	2.024	1.733	3.245
578	2.024	1.733	3.245
579	1.329	1.632	2.56
580	1.047	1.747	1.401
581	1.047	1.747	1.401
582	1.047	1.747	1.401
583	0.314	1.589	1.962
584	0.314	1.589	1.962
585	-0.274	1.474	1.732
586	-0.274	1.474	1.732
587	-0.274	1.474	1.732
588	-0.494	1.398	2.014
589	-0.494	1.398	2.014
590	-0.647	1.259	2.349
591	-0.647	1.259	2.349
592	-0.647	1.259	2.349
593	-0.331	0.857	2.996
594	-0.101	0.814	2.886
595	-0.101	0.814	2.886
596	-0.101	0.814	2.886
597	0.209	0.952	3.034
598	0.209	0.952	3.034
599	0.07	0.957	3.628
600	0.07	0.957	3.628
601	0.07	0.957	3.628
602	0.247	1.278	4.131
603	0.247	1.278	4.131
604	0.056	1.379	4.092
605	0.056	1.379	4.092
606	0.056	1.379	4.092
607	-0.187	1.249	3.977
608	-0.187	1.249	3.977
609	-1.092	0.761	4.025
610	-1.092	0.761	4.025
611	-1.092	0.761	4.025
612	-1.753	0.186	3.144
613	-1.753	0.186	3.144
614	-2.026	-0.043	2.934
615	-2.026	-0.043	2.934
616	-2.026	-0.043	2.934
617	-2.088	-0.095	4.064
618	-2.874	-0.292	4.705
619	-2.874	-0.292	4.705
620	-3.712	-0.344	5.055
621	-3.712	-0.344	5.055
622	-3.712	-0.344	5.055
623	-4.368	-0.402	5.591
624	-4.368	-0.402	5.591
625	-4.061	-0.512	6.75
626	-4.061	-0.512	6.75
627	-4.061	-0.512	6.75
628	-4.339	-0.699	8.057
629	-4.339	-0.699	8.057
630	-4.684	-0.708	6.357
631	-4.684	-0.708	6.357
632	-4.684	-0.708	6.357
633	-4.502	-0.809	3.896
634	-4.502	-0.809	3.896
635	-5.062	-0.847	3.005
636	-5.062	-0.847	3.005
637	-5.062	-0.847	3.005
638	-5.809	-0.957	3.312
639	-5.809	-0.957	3.312
640	-6.321	-1.11	4.696
641	-6.321	-1.11	4.696
642	-6.321	-1.11	4.696
643	-6.532	-1.489	6.295
644	-6.532	-1.489	6.295
645	-6.934	-1.795	8.67
646	-6.934	-1.795	8.67
647	-6.934	-1.795	8.67
648	-7.835	-2.437	10.901
649	-7.835	-2.437	10.901
650	-8.428	-2.734	12.884
651	-8.428	-2.734	12.884
652	-8.428	-2.734	12.884
653	-9.08	-2.695	12.649
654	-9.08	-2.695	12.649
655	-8.921	-2.504	10.533
656	-8.921	-2.504	10.533
657	-8.749	-2.221	9.513
658	-8.749	-2.221	9.513
659	-8.969	-2.178	9.609
660	-8.969	-2.178	9.609
661	-8.969	-2.178	9.609
662	-8.586	-2.389	9.671
663	-8.586	-2.389	9.671
664	-7.935	-2.7	11.749
665	-7.935	-2.7	11.749
666	-7.935	-2.7	11.749
667	-7.916	-3.069	13.741
668	-7.916	-3.069	13.741
669	-8.242	-4.338	15.728
670	-8.242	-4.338	15.728
671	-8.242	-4.338	15.728
672	-8.342	-5.544	16.47
673	-8.342	-5.544	16.47
674	-7.657	-5.999	16.997
675	-7.657	-5.999	16.997
676	-7.657	-5.999	16.997
677	-7.36	-6.502	16.461
678	-7.36	-6.502	16.461
679	-7.451	-7.302	15.398
680	-7.451	-7.302	15.398
681	-7.451	-7.302	15.398
682	-7.241	-8.336	13.492
683	-7.241	-8.336	13.492
684	-5.895	-8.595	13.085
685	-5.895	-8.595	13.085
686	-5.895	-8.595	13.085
687	-3.875	-8.082	14.225
688	-3.875	-8.082	14.225
689	-1.906	-7.541	16.068
690	-1.906	-7.541	16.068
691	-1.906	-7.541	16.068
692	-1.408	-7.445	17.495
693	-1.408	-7.445	17.495
694	-2.677	-8.049	17.351
695	-3.937	-8.772	16.255
696	-3.937	-8.772	16.255
697	-3.937	-8.772	16.255
698	-4.095	-9.528	14.335
699	-4.095	-9.528	14.335
700	-3.118	-9.572	13.19
701	-3.118	-9.572	13.19
702	-3.118	-9.572	13.19
703	-0.614	-8.901	15.431
704	-0.614	-8.901	15.431
705	1.847	-7.872	17.663
706	1.847	-7.872	17.663
707	1.847	-7.872	17.663
708	3.221	-6.818	17.768
709	3.221	-6.818	17.768
710	3.269	-6.268	16.662
711	3.269	-6.268	16.662
712	3.269	-6.268	16.662
713	2.373	-5.549	14.579
714	2.373	-5.549	14.579
715	0.343	-5.832	12.525
716	0.343	-5.832	12.525
717	0.343	-5.832	12.525
718	-1.38	-6.435	10.767
719	-1.38	-6.435	10.767
720	-2.155	-6.397	10.322
721	-2.155	-6.397	10.322
722	-2.155	-6.397	10.322
723	-0.374	-5.793	12.386
724	-0.374	-5.793	12.386
725	1.88	-3.936	13.162
726	1.88	-3.936	13.162
727	1.88	-3.936	13.162
728	3.13	-3.045	13.588
729	3.13	-3.045	13.588
730	3.633	-2.442	12.079
731	3.633	-2.442	12.079
732	3.633	-2.442	12.079
733	4.059	-1.316	9.599
734	4.159	-0.359	7.554
735	4.159	-0.359	7.554
736	4.159	-0.359	7.554
737	4.404	0.301	6.539
738	4.404	0.301	6.539
739	3.451	0.248	7.301
740	3.451	0.248	7.301
741	3.451	0.248	7.301
742	2.072	-0.651	8.019
743	2.072	-0.651	8.019
744	0.731	-1.426	9.072
745	0.731	-1.426	9.072
746	0.731	-1.426	9.072
747	-0.408	-2.217	8.847
748	-0.408	-2.217	8.847
749	-0.063	-2.202	9.374
750	-0.063	-2.202	9.374
751	-0.063	-2.202	9.374
752	1.492	-1.556	9.69
753	1.492	-1.556	9.69
754	3.302	-0.598	10.298
755	3.302	-0.598	10.298
756	3.302	-0.598	10.298
757	4.71	0.272	10.279
758	4.71	0.272	10.279
759	5.888	0.799	9.269
760	5.888	0.799	9.269
761	5.888	0.799	9.269
762	6.75	1.522	8.704
763	6.75	1.522	8.704
764	7.09	1.805	8.435
765	7.09	1.805	8.435
766	7.09	1.805	8.435
767	6.755	1.699	8.397
768	6.755	1.699	8.397
769	5.835	1.493	9.111
770	4.562	0.914	9.585
771	4.562	0.914	9.585
772	4.562	0.914	9.585
773	3.532	0.584	9.815
774	3.532	0.584	9.815
775	3.049	0.622	9.987
776	3.049	0.622	9.987
777	3.049	0.622	9.987
778	3.005	0.689	9.566
779	3.005	0.689	9.566
780	3.47	1.173	9.259
781	3.47	1.173	9.259
782	3.47	1.173	9.259
783	3.527	1.383	9.369
784	3.527	1.383	9.369
785	3.341	1.297	8.306
786	3.341	1.297	8.306
787	3.341	1.297	8.306
788	3.135	1.675	7.1
789	3.135	1.675	7.1
790	2.823	1.896	6.563
791	2.823	1.896	6.563
792	2.823	1.896	6.563
793	2.555	1.857	7.071
794	2.555	1.857	7.071
795	2.211	1.637	8.512
796	2.211	1.637	8.512
797	2.211	1.637	8.512
798	1.487	1.302	9.345
799	1.487	1.302	9.345
800	0.702	0.991	9.494
801	0.702	0.991	9.494
802	0.702	0.991	9.494
803	-0.058	0.794	9.374
804	-0.058	0.794	9.374
805	-0.475	0.766	9.034
806	-0.475	0.766	9.034
807	-0.475	0.766	9.034
808	-0.298	1.067	8.531
809	-0.298	1.067	8.531
810	0.295	1.532	8.44
811	0.295	1.532	8.44
812	0.712	1.905	8.388
813	0.712	1.905	8.388
814	0.764	2.063	8.095
815	0.764	2.063	8.095
816	0.764	2.063	8.095
817	0.611	2.02	7.995
818	0.611	2.02	7.995
819	0.295	1.939	8.412
820	0.295	1.939	8.412
821	0.295	1.939	8.412
822	0.022	1.561	9.154
823	0.022	1.561	9.154
824	-0.034	1.335	10.083
825	-0.034	1.335	10.083
826	-0.034	1.335	10.083
827	-0.096	1.187	10.715
828	-0.096	1.187	10.715
829	-0.307	0.948	10.94
830	-0.307	0.948	10.94
831	-0.307	0.948	10.94
832	-0.427	0.852	10.691
833	-0.427	0.852	10.691
834	-0.47	0.928	10.025
835	-0.47	0.928	10.025
836	-0.47	0.928	10.025
837	-0.288	1.048	9.475
838	-0.288	1.048	9.475
839	-0.034	1.187	9.235
840	-0.034	1.187	9.235
841	-0.034	1.187	9.235
842	0.013	1.244	9.211
843	0.013	1.244	9.211
844	-0.005	1.168	9.542
845	0.017	1.096	9.891
846	0.017	1.096	9.891
847	0.017	1.096	9.891
848	0.017	1.096	9.891
849	-0.116	0.962	10.178
850	-0.015	0.952	10.231
851	-0.015	0.952	10.231
852	-0.015	0.952	10.231
853	-0.082	0.972	10.169
854	-0.082	0.972	10.169
855	-0.173	0.905	10.011
856	-0.173	0.905	10.011
857	-0.173	0.905	10.011
858	-0.245	0.972	9.757
859	-0.245	0.972	9.757
860	-0.116	1.058	9.661
861	-0.116	1.058	9.661
862	-0.116	1.058	9.661
863	0.137	1.125	9.542
864	0.137	1.125	9.542
865	0.338	1.273	9.594
866	0.338	1.273	9.594
867	0.338	1.273	9.594
868	0.582	1.369	9.925
869	0.582	1.369	9.925
870	0.563	1.326	9.939
871	0.563	1.326	9.939
872	0.563	1.326	9.939
873	0.372	1.288	9.8
874	0.372	1.288	9.8
875	0.142	1.211	9.771
876	0.142	1.211	9.771
877	0.142	1.211	9.771
878	0.094	1.206	9.747
879	0.094	1.206	9.747
880	0.18	1.268	9.867
881	0.18	1.268	9.867
882	0.18	1.268	9.867
883	0.223	1.24	9.953
884	0.223	1.24	9.953
885	0.238	1.312	9.791
886	0.238	1.312	9.791
887	0.238	1.312	9.791
888	0.3	1.364	9.465
889	0.458	1.388	9.436
890	0.458	1.388	9.436
891	0.458	1.388	9.436
892	0.429	1.307	9.637
893	0.429	1.307	9.637
894	0.396	1.225	9.776
895	0.396	1.225	9.776
896	0.396	1.225	9.776
897	0.31	1.173	9.949
898	0.31	1.173	9.949
899	0.247	1.11	9.896
900	0.247	1.11	9.896
901	0.247	1.11	9.896
902	0.132	1.048	9.8
903	0.132	1.048	9.8
904	0.108	0.976	9.877
905	0.108	0.976	9.877
906	0.108	0.976	9.877
907	0.171	1.005	10.016
908	0.171	1.005	10.016
909	0.142	1	9.958
910	0.142	1	9.958
911	0.142	1	9.958
912	0.41	1.288	9.599
913	0.41	1.288	9.599
914	0.587	1.35	9.657
915	0.587	1.35	9.657
916	0.587	1.35	9.657
917	0.568	1.484	9.34
918	0.568	1.484	9.34
919	0.42	1.422	9.446
920	0.42	1.422	9.446
921	0.42	1.422	9.446
922	0.29	1.273	9.633
923	0.29	1.273	9.633
924	0.199	1.192	9.848
925	0.199	1.192	9.848
926	0.199	1.192	9.848
927	0.195	1.086	10.006
928	0.204	1.154	9.891
929	0.204	1.154	9.891
930	0.132	1.197	9.618
931	0.132	1.197	9.618
932	0.132	1.197	9.618
933	0.094	1.168	9.628
934	0.094	1.168	9.628
935	0.104	1.173	9.585
936	0.104	1.173	9.585
937	0.104	1.173	9.585
938	0.094	1.192	9.518
939	0.094	1.192	9.518
940	0.228	1.225	9.508
941	0.228	1.225	9.508
942	0.228	1.225	9.508
943	0.314	1.254	9.585
944	0.314	1.254	9.585
945	0.415	1.278	9.647
946	0.415	1.278	9.647
947	0.415	1.278	9.647
948	0.401	1.244	9.7
949	0.401	1.244	9.7
950	0.195	1.096	9.585
951	0.195	1.096	9.585
952	0.195	1.096	9.585
953	0.099	1.072	9.838
954	0.099	1.072	9.838
955	0.094	0.962	9.949
956	0.094	0.962	9.949
957	0.094	0.962	9.949
958	0.089	0.933	10.049
959	0.089	0.933	10.049
960	0.152	0.943	10.083
961	0.152	0.943	10.083
962	0.152	0.943	10.083
963	0.171	0.933	10.054
964	0.171	0.933	10.054
965	0.223	0.928	9.853
966	0.223	0.928	9.853
967	0.3	0.967	9.757
968	0.3	0.967	9.757
969	0.429	1.077	9.657
970	0.429	1.077	9.657
971	0.429	1.077	9.657
972	0.52	1.082	9.877
973	0.52	1.082	9.877
974	0.563	1.086	10.02
975	0.563	1.086	10.02
976	0.563	1.086	10.02
977	0.559	1.082	10.336
978	0.559	1.082	10.336
979	0.314	0.967	10.504
980	0.314	0.967	10.504
981	0.314	0.967	10.504
982	0.008	0.861	10.547
983	0.008	0.861	10.547
984	-0.226	0.804	10.265
985	-0.226	0.804	10.265
986	-0.226	0.804	10.265
987	-0.312	0.933	10.14
988	-0.312	0.933	10.14
989	-0.427	0.905	10.001
990	-0.427	0.905	10.001
991	-0.427	0.905	10.001
992	-0.523	0.9	9.953
993	-0.523	0.9	9.953
994	-0.451	0.914	9.719
995	-0.451	0.914	9.719
996	-0.451	0.914	9.719
997	-0.422	1.005	9.623
998	-0.422	1.005	9.623
999	-0.144	1.139	9.345
1000	-0.144	1.139	9.345
1001	-0.144	1.139	9.345
1002	-0.087	1.244	9.431
1003	-0.087	1.244	9.431
1004	-0.02	1.244	9.556
1005	-0.058	1.192	10.001
1006	-0.058	1.192	10.001
1007	-0.058	1.192	10.001
1008	-0.192	1.063	10.293
1009	-0.192	1.063	10.293
1010	-0.523	0.861	10.427
1011	-0.523	0.861	10.427
1012	-0.523	0.861	10.427
1013	-0.872	0.608	10.102
1014	-0.872	0.608	10.102
1015	-1.045	0.55	10.04
1016	-1.045	0.55	10.04
1017	-1.045	0.55	10.04
1018	-0.997	0.598	9.58
1019	-0.997	0.598	9.58
1020	-0.824	0.679	9.35
1021	-0.824	0.679	9.35
1022	-0.824	0.679	9.35
1023	-0.652	0.723	9.336
1024	-0.652	0.723	9.336
1025	-0.609	0.703	9.441
1026	-0.609	0.703	9.441
1027	-0.609	0.703	9.441
1028	-0.59	0.699	9.374
1029	-0.59	0.699	9.374
1030	-0.475	0.881	9.417
1031	-0.475	0.881	9.417
1032	-0.475	0.881	9.417
1033	-0.125	0.818	9.896
1034	-0.125	0.818	9.896
1035	-0.154	0.79	10.001
1036	-0.154	0.79	10.001
1037	-0.154	0.79	10.001
1038	0.022	1.024	9.633
1039	0.022	1.024	9.633
1040	0.056	1.106	9.704
1041	0.056	1.106	9.704
1042	0.056	1.106	9.704
1043	0.037	0.981	9.68
1044	-0.029	0.943	9.542
1045	-0.029	0.943	9.542
1046	-0.029	0.943	9.542
1047	-0.073	0.861	9.556
1048	-0.073	0.861	9.556
1049	-0.231	0.77	9.642
1050	-0.231	0.77	9.642
1051	-0.231	0.77	9.642
1052	-0.24	0.727	9.618
1053	-0.24	0.727	9.618
1054	-0.092	0.785	9.752
1055	-0.092	0.785	9.752
1056	-0.092	0.785	9.752
1057	0.061	0.775	9.896
1058	0.061	0.775	9.896
1059	0.166	0.718	9.915
1060	0.166	0.718	9.915
1061	0.166	0.718	9.915
1062	0.276	0.742	9.81
1063	0.276	0.742	9.81
1064	0.324	0.857	9.628
1065	0.324	0.857	9.628
1066	0.324	0.857	9.628
1067	0.195	0.814	9.417
1068	0.195	0.814	9.417
1069	0.214	0.876	9.412
1070	0.214	0.876	9.412
1071	0.214	0.876	9.412
1072	0.209	0.876	9.575
1073	0.209	0.876	9.575
1074	0.233	0.847	9.676
1075	0.233	0.847	9.676
1076	0.233	0.847	9.676
1077	0.271	0.756	9.968
1078	0.271	0.756	9.968
1079	0.348	0.703	10.02
1080	0.348	0.703	10.02
1081	0.348	0.703	10.02
1082	0.324	0.723	10.04
1083	0.29	0.694	9.982
1084	0.29	0.694	9.982
1085	0.247	0.718	10.03
1086	0.247	0.718	10.03
1087	0.247	0.718	10.03
1088	0.286	0.785	9.906
1089	0.286	0.785	9.906
1090	0.372	0.828	10.078
1091	0.372	0.828	10.078
1092	0.372	0.828	10.078
1093	0.458	0.842	10.164
1094	0.458	0.842	10.164
1095	0.444	0.833	10.298
1096	0.444	0.833	10.298
1097	0.444	0.833	10.298
1098	0.487	0.852	10.456
1099	0.487	0.852	10.456
1100	0.41	0.876	10.437
1101	0.41	0.876	10.437
1102	0.41	0.876	10.437
1103	0.29	0.852	10.346
1104	0.29	0.852	10.346
1105	0.132	0.78	10.322
1106	0.132	0.78	10.322
1107	0.132	0.78	10.322
1108	0.061	0.723	10.389
1109	0.061	0.723	10.389
1110	0.003	0.699	10.265
1111	0.003	0.699	10.265
1112	0.003	0.699	10.265
1113	0.051	0.766	10.202
1114	0.051	0.766	10.202
1115	0.089	0.799	10.006
1116	0.089	0.799	10.006
1117	0.089	0.799	10.006
1118	0.142	0.809	10.016
1119	0.142	0.809	10.016
1120	0.089	0.77	9.977
1121	0.089	0.77	9.977
1122	0.041	0.775	9.896
1123	0.041	0.775	9.896
1124	0.084	0.79	9.834
1125	0.084	0.79	9.834
1126	0.084	0.79	9.834
1127	0.099	0.823	9.69
1128	0.099	0.823	9.69
1129	0.147	0.885	9.465
1130	0.147	0.885	9.465
1131	0.147	0.885	9.465
1132	0.195	0.919	9.475
1133	0.195	0.919	9.475
1134	0.199	0.914	9.58
1135	0.199	0.914	9.58
1136	0.199	0.914	9.58
1137	0.243	0.924	9.618
1138	0.243	0.924	9.618
1139	0.099	0.89	9.604
1140	0.099	0.89	9.604
1141	0.099	0.89	9.604
1142	-0.082	0.837	9.441
1143	-0.082	0.837	9.441
1144	-0.187	0.785	9.317
1145	-0.187	0.785	9.317
1146	-0.187	0.785	9.317
1147	-0.183	0.77	9.403
1148	-0.183	0.77	9.403
1149	-0.116	0.842	9.556
1150	-0.116	0.842	9.556
1151	-0.116	0.842	9.556
1152	-0.111	0.823	9.613
1153	-0.111	0.823	9.613
1154	-0.14	0.814	9.661
1155	-0.14	0.814	9.661
1156	-0.14	0.814	9.661
1157	-0.221	0.718	9.7
1158	-0.221	0.718	9.7
1159	-0.216	0.746	9.709
1160	-0.049	0.79	9.724
1161	-0.049	0.79	9.724
1162	-0.049	0.79	9.724
1163	-0.058	0.79	9.843
1164	-0.058	0.79	9.843
1165	-0.106	0.766	9.767
1166	-0.106	0.766	9.767
1167	-0.106	0.766	9.767
1168	-0.168	0.799	9.657
1169	-0.168	0.799	9.657
1170	-0.317	0.732	9.834
1171	-0.317	0.732	9.834
1172	-0.317	0.732	9.834
1173	-0.403	0.612	9.925
1174	-0.403	0.612	9.925
1175	-0.412	0.603	9.901
1176	-0.412	0.603	9.901
1177	-0.412	0.603	9.901
1178	-0.322	0.574	9.891
1179	-0.322	0.574	9.891
1180	-0.14	0.636	10.016
1181	-0.14	0.636	10.016
1182	-0.14	0.636	10.016
1183	0.07	0.766	10.126
1184	0.07	0.766	10.126
1185	0.243	0.718	10.064
1186	0.243	0.718	10.064
1187	0.243	0.718	10.064
1188	0.343	0.694	10.087
1189	0.343	0.694	10.087
1190	0.286	0.593	10.164
1191	0.286	0.593	10.164
1192	0.286	0.593	10.164
1193	0.257	0.632	10.207
1194	0.257	0.632	10.207
1195	0.214	0.603	10.011
1196	0.214	0.603	10.011
1197	0.214	0.603	10.011
1198	0.209	0.569	10.15
1199	0.08	0.517	10.293
1200	0.08	0.517	10.293
1201	0.08	0.517	10.293
1202	-0.015	0.474	10.37
1203	-0.015	0.474	10.37
1204	-0.106	0.469	10.389
1205	-0.106	0.469	10.389
1206	-0.106	0.469	10.389
1207	-0.092	0.55	10.332
1208	-0.092	0.55	10.332
1209	0.041	0.636	10.183
1210	0.041	0.636	10.183
1211	0.041	0.636	10.183
1212	0.295	0.814	10.025
1213	0.295	0.814	10.025
1214	0.559	0.986	9.81
1215	0.559	0.986	9.81
1216	0.559	0.986	9.81
1217	0.645	1.077	9.671
1218	0.645	1.077	9.671
1219	0.65	1.077	9.666
1220	0.65	1.077	9.666
1221	0.65	1.077	9.666
1222	0.501	1.039	9.719
1223	0.501	1.039	9.719
1224	0.262	0.972	9.838
1225	0.262	0.972	9.838
1226	0.262	0.972	9.838
1227	-0.029	0.842	10.068
1228	-0.029	0.842	10.068
1229	-0.202	0.818	10.001
1230	-0.202	0.818	10.001
1231	-0.202	0.818	10.001
1232	-0.336	0.861	9.929
1233	-0.336	0.861	9.929
1234	-0.36	0.823	9.862
1235	-0.36	0.823	9.862
1236	-0.36	0.823	9.862
1237	-0.101	0.995	9.551
1238	0.099	1.177	9.475
1239	0.099	1.177	9.475
1240	0.219	1.187	9.412
1241	0.219	1.187	9.412
1242	0.219	1.187	9.412
1243	0.228	1.197	9.364
1244	0.228	1.197	9.364
1245	0.219	1.163	9.403
1246	0.219	1.163	9.403
1247	0.219	1.163	9.403
1248	0.089	1.077	9.546
1249	0.089	1.077	9.546
1250	0.013	1.019	9.757
1251	0.013	1.019	9.757
1252	0.013	1.019	9.757
1253	-0.034	0.938	9.925
1254	-0.034	0.938	9.925
1255	-0.049	0.919	9.996
1256	-0.049	0.919	9.996
1257	-0.049	0.919	9.996
1258	-0.02	0.933	10.03
1259	-0.02	0.933	10.03
1260	0.075	0.914	10.169
1261	0.075	0.914	10.169
1262	0.075	0.914	10.169
1263	0.185	1	10.016
1264	0.185	1	10.016
1265	0.333	1.077	9.886
1266	0.333	1.077	9.886
1267	0.333	1.077	9.886
1268	0.405	1.154	9.843
1269	0.405	1.154	9.843
1270	0.377	1.173	9.714
1271	0.377	1.173	9.714
1272	0.377	1.173	9.714
1273	0.333	1.206	9.637
1274	0.333	1.206	9.637
1275	0.233	1.187	9.637
1276	0.233	1.187	9.637
1277	0.123	1.139	9.561
1278	0.123	1.139	9.561
1279	0.032	1.154	9.618
1280	0.032	1.154	9.618
1281	0.032	1.154	9.618
1282	0.032	1.149	9.747
1283	0.032	1.149	9.747
1284	0.032	1.144	9.714
1285	0.032	1.144	9.714
1286	0.032	1.144	9.714
1287	0.08	1.182	9.685
1288	0.08	1.182	9.685
1289	0.156	1.244	9.671
1290	0.156	1.244	9.671
1291	0.156	1.244	9.671
1292	0.243	1.283	9.561
1293	0.243	1.283	9.561
1294	0.266	1.278	9.427
1295	0.266	1.278	9.427
1296	0.266	1.278	9.427
1297	0.276	1.292	9.412
1298	0.276	1.292	9.412
1299	0.286	1.264	9.422
1300	0.286	1.264	9.422
1301	0.286	1.264	9.422
1302	0.223	1.216	9.513
1303	0.223	1.216	9.513
1304	0.132	1.158	9.628
1305	0.132	1.158	9.628
1306	0.132	1.158	9.628
1307	0.123	1.13	9.589
1308	0.123	1.13	9.589
1309	0.123	1.134	9.709
1310	0.123	1.134	9.709
1311	0.123	1.134	9.709
1312	0.041	1.091	9.786
1313	0.041	1.091	9.786
1314	-0.039	1.063	9.714
1315	-0.053	1.086	9.623
1316	-0.053	1.086	9.623
1317	-0.053	1.086	9.623
1318	-0.068	1.015	9.57
1319	-0.068	1.015	9.57
1320	-0.025	1.039	9.537
1321	-0.025	1.039	9.537
1322	-0.025	1.039	9.537
1323	0.032	1.086	9.599
1324	0.032	1.086	9.599
1325	0.099	1.063	9.786
1326	0.099	1.063	9.786
1327	0.099	1.063	9.786
1328	0.137	1.039	9.824
1329	0.137	1.039	9.824
1330	0.104	0.938	9.968
1331	0.104	0.938	9.968
1332	0.104	0.938	9.968
1333	-0.101	0.928	9.944
1334	-0.101	0.928	9.944
1335	0.089	1	10.198
1336	0.089	1	10.198
1337	0.089	1	10.198
1338	0.041	0.957	10.087
1339	0.041	0.957	10.087
1340	0.075	0.938	10.135
1341	0.075	0.938	10.135
1342	0.075	0.938	10.135
1343	0.104	0.943	10.025
1344	0.104	0.943	10.025
1345	0.032	0.9	10.025
1346	0.032	0.9	10.025
1347	0.032	0.9	10.025
1348	0.137	0.89	10.03
1349	0.137	0.89	10.03
1350	0.123	0.905	10.02
1351	0.123	0.905	10.02
1352	0.123	0.905	10.02
1353	0.185	0.905	10.016
1354	0.199	0.914	9.977
1355	0.199	0.914	9.977
1356	0.199	0.914	9.977
1357	0.243	0.919	9.949
1358	0.243	0.919	9.949
1359	0.18	0.924	10.035
1360	0.18	0.924	10.035
1361	0.18	0.924	10.035
1362	0.156	0.924	10.016
1363	0.156	0.924	10.016
1364	0.18	0.876	10.078
1365	0.18	0.876	10.078
1366	0.18	0.876	10.078
1367	0.19	0.943	10.025
1368	0.19	0.943	10.025
1369	0.262	0.991	10.025
1370	0.262	0.991	10.025
1371	0.262	0.991	10.025
1372	0.333	1.029	9.867
1373	0.333	1.029	9.867
1374	0.386	1.072	9.858
1375	0.386	1.072	9.858
1376	0.386	1.072	9.858
1377	0.329	1.091	9.767
1378	0.329	1.091	9.767
1379	0.305	1.067	9.805
1380	0.305	1.067	9.805
1381	0.305	1.067	9.805
1382	0.243	1.019	9.848
1383	0.243	1.019	9.848
1384	0.252	1.039	9.891
1385	0.252	1.039	9.891
1386	0.252	1.039	9.891
1387	0.199	1.063	9.843
1388	0.199	1.063	9.843
1389	0.204	1	9.838
1390	0.204	1	9.838
1391	0.204	1	9.838
1392	0.175	1.048	9.805
1393	0.19	1.063	9.791
1394	0.19	1.063	9.791
1395	0.243	1.125	9.719
1396	0.243	1.125	9.719
1397	0.243	1.125	9.719
1398	0.204	1.149	9.657
1399	0.204	1.149	9.657
1400	0.195	1.187	9.551
1401	0.195	1.187	9.551
1402	0.195	1.187	9.551
1403	0.238	1.206	9.551
1404	0.238	1.206	9.551
1405	0.223	1.216	9.111
1406	0.223	1.216	9.111
1407	0.223	1.216	9.111
1408	0.137	1.249	9.561
1409	0.137	1.249	9.561
1410	0.147	1.005	9.537
1411	0.147	1.005	9.537
1412	0.147	1.005	9.537
1413	0.094	1.043	9.872
1414	0.094	1.043	9.872
1415	0.195	1	9.982
1416	0.195	1	9.982
1417	0.195	1	9.982
1418	0.243	1.005	10.083
1419	0.243	1.005	10.083
1420	0.31	1.091	9.91
1421	0.31	1.091	9.91
1422	0.31	1.091	9.91
1423	0.271	1.072	9.843
1424	0.271	1.072	9.843
1425	0.257	1.101	9.891
1426	0.257	1.101	9.891
1427	0.257	1.101	9.891
1428	0.353	1.134	9.853
1429	0.353	1.134	9.853
1430	0.319	1.216	9.805
1431	0.319	1.216	9.805
1432	0.338	1.225	9.704
1433	0.338	1.225	9.704
1434	0.329	1.139	9.728
1435	0.329	1.139	9.728
1436	0.329	1.139	9.728
1437	0.247	1.144	9.738
1438	0.247	1.144	9.738
1439	0.123	1.048	9.824
1440	0.123	1.048	9.824
1441	0.123	1.048	9.824
1442	0.017	1	9.882
1443	0.017	1	9.882
1444	0.003	0.957	9.81
1445	0.003	0.957	9.81
1446	0.003	0.957	9.81
1447	0.008	0.933	9.776
1448	0.008	0.933	9.776
1449	-0.025	0.9	9.819
1450	-0.025	0.9	9.819
1451	-0.025	0.9	9.819
1452	0.032	0.919	9.743
1453	0.032	0.919	9.743
1454	0.128	0.962	9.776
1455	0.128	0.962	9.776
1456	0.128	0.962	9.776
1457	0.156	0.938	9.848
1458	0.156	0.938	9.848
1459	0.132	0.957	9.886
1460	0.132	0.957	9.886
1461	0.132	0.957	9.886
1462	0.209	0.976	9.757
1463	0.209	0.976	9.757
1464	0.199	1.039	9.719
1465	0.199	1.039	9.719
1466	0.199	1.039	9.719
1467	0.247	1.043	9.805
1468	0.247	1.043	9.805
1469	0.223	1.058	9.834
1470	0.223	1.058	9.834
1471	0.223	1.058	9.834
1472	0.19	1.019	9.958
1473	0.233	1.015	10.006
1474	0.233	1.015	10.006
1475	0.238	1.048	10.044
1476	0.238	1.048	10.044
1477	0.238	1.048	10.044
1478	0.324	1.039	9.963
1479	0.324	1.039	9.963
1480	0.338	1.077	9.896
1481	0.338	1.077	9.896
1482	0.338	1.077	9.896
1483	0.333	1.096	9.834
1484	0.333	1.096	9.834
1485	0.343	1.096	9.647
1486	0.343	1.096	9.647
1487	0.343	1.096	9.647
1488	0.338	1.13	9.752
1489	0.338	1.13	9.752
1490	0.396	1.11	9.724
1491	0.396	1.11	9.724
1492	0.396	1.11	9.724
1493	0.386	1.154	9.747
1494	0.386	1.154	9.747
1495	0.243	1.096	9.781
1496	0.243	1.096	9.781
1497	0.243	1.096	9.781
1498	0.156	1.082	9.838
1499	0.156	1.082	9.838
1500	0.152	1.015	9.853
1501	0.152	1.015	9.853
1502	0.152	1.015	9.853
1503	0.166	1.082	9.848
1504	0.166	1.082	9.848
1505	0.204	1.063	9.733
1506	0.204	1.063	9.733
1507	0.204	1.063	9.733
1508	0.228	1.086	9.609
1509	0.228	1.086	9.609
1510	0.243	1.106	9.589
1511	0.243	1.106	9.589
1512	0.171	1.072	9.613
1513	0.171	1.072	9.613
1514	0.19	1.149	9.561
1515	0.19	1.149	9.561
1516	0.19	1.149	9.561
1517	0.243	1.177	9.532
1518	0.243	1.177	9.532
1519	0.338	1.182	9.537
1520	0.338	1.182	9.537
1521	0.338	1.182	9.537
1522	0.362	1.221	9.527
1523	0.362	1.221	9.527
1524	0.381	1.125	9.618
1525	0.381	1.125	9.618
1526	0.381	1.125	9.618
1527	0.338	1.115	9.81
1528	0.338	1.115	9.81
1529	0.281	0.957	9.829
1530	0.281	0.957	9.829
1531	0.281	0.957	9.829
1532	0.276	0.909	9.795
1533	0.276	0.909	9.795
1534	0.281	0.938	9.743
1535	0.281	0.938	9.743
1536	0.281	0.938	9.743
1537	0.271	0.895	9.834
1538	0.271	0.895	9.834
1539	0.271	0.885	9.882
1540	0.271	0.885	9.882
1541	0.271	0.885	9.882
1542	0.219	0.905	9.968
1543	0.219	0.905	9.968
1544	0.161	0.876	9.939
1545	0.161	0.876	9.939
1546	0.161	0.876	9.939
1547	0.219	0.866	9.934
1548	0.219	0.866	9.934
1549	0.324	0.928	9.886
1550	0.415	0.991	9.982
1551	0.415	0.991	9.982
1552	0.415	0.991	9.982
1553	0.372	0.928	10.025
1554	0.372	0.928	10.025
1555	0.286	0.876	9.987
1556	0.286	0.876	9.987
1557	0.286	0.876	9.987
1558	0.209	0.847	9.953
1559	0.209	0.847	9.953
1560	0.171	0.842	10.04
1561	0.171	0.842	10.04
1562	0.171	0.842	10.04
1563	0.185	0.842	9.949
1564	0.185	0.842	9.949
1565	0.219	0.847	9.944
1566	0.219	0.847	9.944
1567	0.219	0.847	9.944
1568	0.18	0.866	9.992
1569	0.18	0.866	9.992
1570	0.204	0.833	10.068
1571	0.204	0.833	10.068
1572	0.204	0.833	10.068
1573	0.223	0.79	9.973
1574	0.223	0.79	9.973
1575	0.166	0.804	10.02
1576	0.166	0.804	10.02
1577	0.166	0.804	10.02
1578	0.19	0.809	9.973
1579	0.19	0.809	9.973
1580	0.166	0.833	9.977
1581	0.166	0.833	9.977
1582	0.166	0.833	9.977
1583	0.171	0.89	9.81
1584	0.171	0.89	9.81
1585	0.252	0.972	9.657
1586	0.252	0.972	9.657
1587	0.252	0.972	9.657
1588	0.343	1.039	9.642
1589	0.381	0.972	9.704
1590	0.381	0.972	9.704
1591	0.381	0.972	9.704
1592	0.353	0.972	9.762
1593	0.353	0.972	9.762
1594	0.372	0.943	9.838
1595	0.372	0.943	9.838
1596	0.372	0.943	9.838
1597	0.329	0.914	9.891
1598	0.329	0.914	9.891
1599	0.329	0.909	9.815
1600	0.329	0.909	9.815
1601	0.329	0.909	9.815
1602	0.353	0.909	9.906
1603	0.353	0.909	9.906
1604	0.266	0.89	9.862
1605	0.266	0.89	9.862
1606	0.266	0.89	9.862
1607	0.266	0.895	9.877
1608	0.266	0.895	9.877
1609	0.247	0.895	9.795
1610	0.247	0.895	9.795
1611	0.247	0.895	9.795
1612	0.31	0.952	9.743
1613	0.31	0.952	9.743
1614	0.295	0.948	9.709
1615	0.295	0.948	9.709
1616	0.295	0.948	9.709
1617	0.29	0.995	9.704
1618	0.29	0.995	9.704
1619	0.266	0.962	9.757
1620	0.266	0.962	9.757
1621	0.266	0.962	9.757
1622	0.286	0.976	9.858
1623	0.286	0.976	9.858
1624	0.195	0.938	9.853
1625	0.199	0.924	9.781
1626	0.199	0.924	9.781
1627	0.199	0.924	9.781
1628	0.166	0.919	9.728
1629	0.166	0.919	9.728
1630	0.214	0.952	9.762
1631	0.214	0.952	9.762
1632	0.214	0.952	9.762
1633	0.233	0.905	9.69
1634	0.233	0.905	9.69
1635	0.238	0.928	9.757
1636	0.238	0.928	9.757
1637	0.238	0.928	9.757
1638	0.247	0.981	9.657
1639	0.247	0.981	9.657
1640	0.243	0.986	9.752
1641	0.243	0.986	9.752
1642	0.243	0.986	9.752
1643	0.223	0.909	9.771
1644	0.223	0.909	9.771
1645	0.18	0.9	9.786
1646	0.18	0.9	9.786
1647	0.18	0.9	9.786
1648	0.175	0.909	9.795
1649	0.175	0.909	9.795
1650	0.209	0.885	9.776
1651	0.209	0.885	9.776
1652	0.209	0.885	9.776
1653	0.257	0.919	9.733
1654	0.257	0.919	9.733
1655	0.271	0.914	9.882
1656	0.271	0.914	9.882
1657	0.271	0.914	9.882
1658	0.305	0.914	9.815
1659	0.305	0.914	9.815
1660	0.329	0.952	9.728
1661	0.329	0.952	9.728
1662	0.329	0.952	9.728
1663	0.362	1.024	9.7
1664	0.362	1.024	9.7
1665	0.367	0.981	9.724
1666	0.367	0.981	9.724
1667	0.353	0.972	9.771
1668	0.353	0.972	9.771
1669	0.319	0.933	9.886
1670	0.319	0.933	9.886
1671	0.319	0.933	9.886
1672	0.281	0.928	9.953
1673	0.281	0.928	9.953
1674	0.252	0.866	9.925
1675	0.252	0.866	9.925
1676	0.252	0.866	9.925
1677	0.243	0.876	9.982
1678	0.243	0.876	9.982
1679	0.238	0.881	9.901
1680	0.238	0.881	9.901
1681	0.238	0.881	9.901
1682	0.228	0.847	9.877
1683	0.228	0.847	9.877
1684	0.271	0.852	9.934
1685	0.271	0.852	9.934
1686	0.271	0.852	9.934
1687	0.281	0.818	9.872
1688	0.281	0.818	9.872
1689	0.252	0.828	9.81
1690	0.252	0.828	9.81
1691	0.252	0.828	9.81
1692	0.219	0.79	9.906
1693	0.219	0.79	9.906
1694	0.175	0.78	9.858
1695	0.175	0.78	9.858
1696	0.175	0.78	9.858
1697	0.142	0.823	9.786
1698	0.142	0.823	9.786
1699	0.238	0.876	9.843
1700	0.238	0.876	9.843
1701	0.238	0.876	9.843
1702	0.262	0.9	9.795
1703	0.262	0.9	9.795
1704	0.209	0.881	9.815
1705	0.204	0.833	9.934
1706	0.204	0.833	9.934
1707	0.204	0.833	9.934
1708	0.185	0.799	10.03
1709	0.185	0.799	10.03
1710	0.166	0.78	9.996
1711	0.166	0.78	9.996
1712	0.166	0.78	9.996
1713	0.147	0.77	10.049
1714	0.147	0.77	10.049
1715	0.195	0.833	9.963
1716	0.195	0.833	9.963
1717	0.195	0.833	9.963
1718	0.271	0.881	9.853
1719	0.271	0.881	9.853
1720	0.286	0.928	9.81
1721	0.286	0.928	9.81
1722	0.286	0.928	9.81
1723	0.348	0.881	9.848
1724	0.348	0.881	9.848
1725	0.243	0.89	9.81
1726	0.243	0.89	9.81
1727	0.243	0.89	9.81
1728	0.233	0.909	9.853
1729	0.233	0.909	9.853
1730	0.195	0.914	9.906
1731	0.195	0.914	9.906
1732	0.195	0.914	9.906
1733	0.18	0.909	9.815
1734	0.18	0.909	9.815
1735	0.185	0.957	9.815
1736	0.185	0.957	9.815
1737	0.185	0.957	9.815
1738	0.247	0.938	9.853
1739	0.247	0.938	9.853
1740	0.223	0.89	9.891
1741	0.223	0.89	9.891
1742	0.223	0.89	9.891
1743	0.219	0.928	9.795
1744	0.257	0.919	9.815
1745	0.257	0.919	9.815
1746	0.257	0.919	9.815
1747	0.276	0.948	9.767
1748	0.276	0.948	9.767
1749	0.252	0.976	9.69
1750	0.252	0.976	9.69
1751	0.252	0.976	9.69
1752	0.276	1.005	9.724
1753	0.276	1.005	9.724
1754	0.305	1.043	9.676
1755	0.305	1.043	9.676
1756	0.305	1.043	9.676
1757	0.396	1.077	9.657
1758	0.396	1.077	9.657
1759	0.405	1.063	9.57
1760	0.405	1.063	9.57
1761	0.405	1.063	9.57
1762	0.362	1.077	9.652
1763	0.362	1.077	9.652
1764	0.357	0.972	9.771
1765	0.357	0.972	9.771
1766	0.357	0.972	9.771
1767	0.271	0.943	9.858
1768	0.271	0.943	9.858
1769	0.228	0.909	9.944
1770	0.228	0.909	9.944
1771	0.228	0.909	9.944
1772	0.223	0.857	9.829
1773	0.223	0.857	9.829
1774	0.262	0.857	9.886
1775	0.262	0.857	9.886
1776	0.262	0.857	9.886
1777	0.333	0.895	9.417
1778	0.333	0.895	9.417
1779	0.381	0.976	9.915
1780	0.381	0.976	9.915
1781	0.381	0.976	9.915
1782	0.338	0.809	9.872
1783	0.338	0.895	10.087
1784	0.338	0.895	10.087
1785	0.343	0.833	10.116
1786	0.343	0.833	10.116
1787	0.343	0.833	10.116
1788	0.314	0.876	10.159
1789	0.314	0.876	10.159
1790	0.31	0.837	10.169
1791	0.31	0.837	10.169
1792	0.31	0.837	10.169
1793	0.243	0.794	10.202
1794	0.243	0.794	10.202
1795	0.271	0.823	10.111
1796	0.271	0.823	10.111
1797	0.271	0.823	10.111
1798	0.3	0.938	9.996
1799	0.3	0.938	9.996
1800	0.362	0.995	9.92
1801	0.362	0.995	9.92
1802	0.362	0.995	9.92
1803	0.405	1.048	9.858
1804	0.405	1.048	9.858
1805	0.401	1.058	9.805
1806	0.401	1.058	9.805
1807	0.401	1.058	9.805
1808	0.314	1.024	9.795
1809	0.314	1.024	9.795
1810	0.314	1.005	9.767
1811	0.314	1.005	9.767
1812	0.314	1.005	9.767
1813	0.281	1.01	9.791
1814	0.281	1.01	9.791
1815	0.18	0.967	9.709
1816	0.18	0.967	9.709
1817	0.18	0.967	9.709
1818	0.156	0.933	9.762
1819	0.156	0.933	9.762
1820	0.152	0.914	9.695
1821	0.152	0.914	9.695
1822	0.132	0.905	9.671
1823	0.132	0.905	9.671
1824	0.123	0.895	9.537
1825	0.123	0.895	9.537
1826	0.123	0.895	9.537
1827	0.075	0.933	9.513
1828	0.075	0.933	9.513
1829	0.037	0.9	9.537
1830	0.037	0.9	9.537
1831	0.037	0.9	9.537
1832	0.051	0.924	9.57
1833	0.051	0.924	9.57
1834	0.118	0.928	9.518
1835	0.118	0.928	9.518
1836	0.118	0.928	9.518
1837	0.142	0.943	9.752
1838	0.142	0.943	9.752
1839	0.161	0.924	9.714
1840	0.161	0.924	9.714
1841	0.161	0.924	9.714
1842	0.108	0.924	9.757
1843	0.108	0.924	9.757
1844	0.137	0.861	9.896
1845	0.137	0.861	9.896
1846	0.137	0.861	9.896
1847	0.175	0.857	10.025
1848	0.175	0.857	10.025
1849	0.152	0.847	10.044
1850	0.152	0.847	10.044
1851	0.152	0.847	10.044
1852	0.137	0.814	10.097
1853	0.137	0.814	10.097
1854	0.233	0.885	9.877
1855	0.233	0.885	9.877
1856	0.233	0.885	9.877
1857	0.377	0.995	9.834
1858	0.377	0.995	9.834
1859	0.472	1.024	9.757
1860	0.511	1.024	9.733
1861	0.511	1.024	9.733
1862	0.511	1.024	9.733
1863	0.515	1.072	9.738
1864	0.515	1.072	9.738
1865	0.463	0.995	9.977
1866	0.463	0.995	9.977
1867	0.463	0.995	9.977
1868	0.362	0.962	10.064
1869	0.362	0.962	10.064
1870	0.271	0.89	10.174
1871	0.271	0.89	10.174
1872	0.271	0.89	10.174
1873	0.214	0.866	10.116
1874	0.214	0.866	10.116
1875	0.228	0.842	9.992
1876	0.228	0.842	9.992
1877	0.228	0.842	9.992
1878	0.19	0.909	9.915
1879	0.19	0.909	9.915
1880	0.262	0.924	9.652
1881	0.262	0.924	9.652
1882	0.262	0.924	9.652
1883	0.271	1.01	9.566
1884	0.271	1.01	9.566
1885	0.281	1.005	9.542
1886	0.281	1.005	9.542
1887	0.281	1.005	9.542
1888	0.266	1.029	9.623
1889	0.266	1.029	9.623
1890	0.324	1.019	9.609
1891	0.324	1.019	9.609
1892	0.324	1.019	9.609
1893	0.343	1.029	9.69
1894	0.343	1.029	9.69
1895	0.305	0.957	9.752
1896	0.305	0.957	9.752
1897	0.305	0.957	9.752
1898	0.214	0.924	9.982
1899	0.094	0.905	9.92
1900	0.094	0.905	9.92
1901	0.094	0.905	9.92
1902	-0.053	0.823	9.834
1903	-0.053	0.823	9.834
1904	-0.063	0.823	9.786
